produto,fabricante,quantidade fisica,quantidade solicitada,quantidade avariada,quantidade reservada,quantidade disponivel,custo liquido entrada,preco venda,custo entrada anterior,data ultima compra,usuario,Mes,Ano
"SONDA ENDOTRAQUEAL C/BALAO N.6,0MM UN",GLOMED,30,0,0,0,30,2.0,2.86,2.1,23/11/2023,ADMIN,11,2023
"SONDA ENDOTRAQUEAL C/BALAO N.6,5MM UN",GLOMED,11,0,0,0,11,2.0,2.86,2.1,23/11/2023,ADMIN,11,2023
"SONDA ENDOTRAQUEAL C/BALAO N.8,5MM UN",GLOMED,70,0,0,0,70,2.0,2.86,2.1,23/11/2023,ADMIN,11,2023
"SONDA ENDOTRAQUEAL C/BALAO N.9,0MM UN",GLOMED,6,0,0,0,6,2.0,2.86,2.1,23/11/2023,ADMIN,11,2023
SERINGA DESC. 01ML S/AG LUER SLIP UN,RYMCO,50,0,0,0,50,0.05,0.08,0.05,29/11/2023,ADMIN,11,2023
SONDA ASP.TRAQUEAL 10FR UN,SOLIDOR,10,0,0,0,10,0.51,0.73,0.49,29/11/2023,ADMIN,11,2023
CANULA P/TRAQUEOSTOMIA 6.0 C/BL UN,LABOR IMPORT,21,0,0,0,21,9.0,12.86,10.6,29/11/2023,ADMIN,11,2023
CANULA P/TRAQUEOSTOMIA 9.0 C/BL UN,LABOR IMPORT,39,0,0,0,39,9.76,13.94,9.3,29/11/2023,ADMIN,11,2023
CANULA P/TRAQUEOSTOMIA 7.0 C/BL UN,LABOR IMPORT,8,0,0,0,8,9.76,13.94,9.3,29/11/2023,ADMIN,11,2023
SAPATILHA PROPE DESCARTAVEL PC,MEDIX,6,0,0,0,6,10.0,14.28,8.9,05/12/2023,ADMIN,12,2023
CANULA P/TRAQUEOSTOMIA 5.0 C/BL UN,MEDIX,20,0,0,0,20,10.0,14.28,11.5,05/12/2023,ADMIN,12,2023
CANULA P/TRAQUEOSTOMIA 5.5 C/BL UN,MEDIX,19,0,0,0,19,10.0,14.28,11.5,05/12/2023,ADMIN,12,2023
SONDA NASOGASTRICA LONGA N.22 UN,BIOBASE,196,0,0,0,196,0.8,1.2,0.84,05/12/2023,ADMIN,12,2023
SONDA NASOGASTRICA LONGA N.24 UN,BIOBASE,167,0,0,0,167,0.86,1.23,0.86,05/12/2023,ADMIN,12,2023
EXTENSOR CATETER INFUSAO LUER LOCK 120CM UN,BIOBASE,239,0,0,0,239,1.64,2.34,1.64,05/12/2023,ADMIN,12,2023
LAMINA DE BISTURI N.20 UN,MEDIX,200,0,0,0,200,0.22,0.31,22.0,05/12/2023,YAGO,12,2023
SONDA URETRAL N.18 UN,BIOBASE,290,0,0,0,290,0.47,0.67,0.5,05/12/2023,ADMIN,12,2023
SONDA URETRAL N.20 UN,BIOBASE,360,0,0,0,360,0.5,0.71,0.56,05/12/2023,ADMIN,12,2023
SONDA FOLEY 3 VIAS N.20 30CC UN,SOLIDOR,70,0,0,0,70,2.0,2.86,2.63,07/12/2023,ADMIN,12,2023
SONDA FOLEY 3 VIAS N.22 30CC UN,SOLIDOR,10,0,0,0,10,2.0,2.86,2.63,07/12/2023,ADMIN,12,2023
SONDA FOLEY 3 VIAS N.24 30CC UN,SOLIDOR,100,0,0,0,100,2.0,2.86,2.63,07/12/2023,ADMIN,12,2023
SONDA FOLEY 3 VIAS N.26 30CC UN,SOLIDOR,1000,0,0,0,1000,2.0,2.86,2.8,07/12/2023,ADMIN,12,2023
"SONDA ENDOTRAQUEAL C/BALAO N.9,5MM UN",SOLIDOR,100,0,0,0,100,10.0,14.28,24.0,07/12/2023,ADMIN,12,2023
SONDA FOLEY 2 VIAS N.28 30CC UN,LABOR IMPORT,500,0,0,0,500,2.0,2.86,2.79,07/12/2023,ADMIN,12,2023
CURATIVO BLOOD STOP CURE AID COR DA PELE UN,SOLIDOR,500,0,0,0,500,0.03,0.04,0.03,07/12/2023,ADMIN,12,2023
SCALP 27G UN,SOLIDOR,500,0,0,0,500,0.17,0.24,0.17,07/12/2023,ADMIN,12,2023
DRENO P/SUCCAO SANFONADO 6.4MM (VITALSUC) 500ML (N) UN,JOAOMED,14,0,0,0,14,22.5,32.14,22.5,13/12/2023,ADMIN,12,2023
SONDA URETRAL N.16 UN,BIOBASE,11,0,0,0,11,0.45,0.64,0.49,14/12/2023,ADMIN,12,2023
SONDA URETRAL N.22 UN,BIOBASE,640,0,0,0,640,0.5,0.71,0.58,14/12/2023,ADMIN,12,2023
SONDA URETRAL N.24 UN,BIOBASE,711,0,0,0,711,0.55,0.79,0.62,14/12/2023,ADMIN,12,2023
MONITOR GLICOSE (MEDISIG) UN,CEPALAB,17,0,0,0,17,36.0,51.41,36.0,31/01/2024,YAGO,1,2024
INDICADOR PARA ACIDO PERACETICO TAPE 50-2000 - FRASCO C/100 UNID UN,OMNIELCONSULT,19,0,0,0,19,230.0,328.56,230.0,27/02/2024,ADMIN,2,2024
LORATADINA 1MG/100ML XPE GEN UN,GLOBO SA,5,0,0,0,5,6.8,9.71,6.8,06/03/2024,ADMIN,3,2024
ENALAPRIL 5MG (RENOPRIL) CX,BELFAR LTDA,30,0,0,0,30,2.14,3.06,2.14,06/03/2024,ADMIN,3,2024
"CLOREXIDINA 0,1% SOL. AQUOSA FR 100ML (CHLORCLEAR) FR",VIC PHARMA,59,0,0,0,59,1.9,2.71,1.9,13/03/2024,ADMIN,3,2024
CATETER INTRAVENOSO 16G. UN,SOLIDOR,200,0,0,0,200,0.5,0.72,22.81,15/03/2024,YAGO,3,2024
SERINGA DESC. 05ML S/AG LUER LOCK UN,ABL-EXCELMED,170,0,0,0,170,0.13,0.19,0.13,21/03/2024,ADMIN,3,2024
CLAMP UMBILICAL ESTERIL UN,SR,90,0,0,0,90,0.3,0.43,0.3,21/03/2024,ADMIN,3,2024
ENALAPRIL 5MG CPR,BELFAR LTDA,2260,150,0,0,2110,0.04,0.06,0.04,22/03/2024,ADMIN,3,2024
OLEO MINERAL 100ML FR,BELFAR LTDA,14,0,0,0,14,3.49,4.99,3.49,22/03/2024,ADMIN,3,2024
MASCARA DE VENTURI ADULTO UN,OLIMED,65,0,0,0,65,7.17,10.24,7.17,26/03/2024,ADMIN,3,2024
MASCARA DE VENTURI PEDIATRICO UN,OLIMED,73,0,0,0,73,7.15,10.22,7.15,26/03/2024,ADMIN,3,2024
ANLODIPINO 10MG CX,CIMED,2,0,0,0,2,2.69,3.84,2.69,27/03/2024,ADMIN,3,2024
TESTE RAPIDO DENGUE NS1 (AG) UN,HOSPDROGAS,25,0,0,0,25,9.5,13.57,9.5,01/04/2024,ADMIN,4,2024
LEVOFLOXACINO 500MG (GEN) CPR CPR,EMS S/A,4,0,0,0,4,0.72,1.03,0.72,10/04/2024,ADMIN,4,2024
AMPICILINA 1G (CILINON) FA,BLAU,10,0,0,0,10,3.88,5.54,3.88,11/04/2024,ADMIN,4,2024
TERMOMETRO DIGITAL CLINICO UN,G-TECH/PREMIUN,1,0,0,0,1,8.45,12.07,8.45,11/04/2024,ADMIN,4,2024
FLORAX 50MILHOES INF 5ML FLC FLC,HEBRON,1000,3,0,0,997,3.47,4.96,3.47,15/04/2024,ADMIN,4,2024
INFUSOR MULTIVIAS C/ CLAMP - ABL UN,ABL-EXCELMED,79,0,0,0,79,0.61,0.87,0.61,18/04/2024,ADMIN,4,2024
FRASCO P/DRENAGEM MEDIASTINAL 2000ML UN,BIOTEC,1,0,0,0,1,36.0,51.43,36.0,22/04/2024,ADMIN,4,2024
SONDA URETRAL N.06 UN,MARKMED,20,0,0,0,20,0.59,0.84,0.59,25/04/2024,ADMIN,4,2024
SONDA URETRAL N.10 UN,MARKMED,26,0,0,5,21,0.5,0.71,0.55,25/04/2024,ADMIN,4,2024
DISPOSITIVO P/ FRASCO DE SOLUCAO UN,OLIMED,1,0,0,0,1,0.3,0.42,0.27,26/04/2024,ADMIN,4,2024
BANDAGEM AUTOADERENTE ELASTICA TAMANHO 5X450CM (COBAN) UN,BIOLAND,10,0,0,0,10,25.0,35.71,25.0,26/04/2024,ADMIN,4,2024
DETERGENTE P/ INSTRUMENTO CIRURG (FORTLUB) UN,FORTSAN,21,0,0,0,21,14.0,20.0,14.0,26/04/2024,ADMIN,4,2024
DRENO P/SUCCAO SANFONADO 4.8MM. UN,GLOMED,1,0,0,0,1,12.53,17.89,11.99,26/04/2024,ADMIN,4,2024
"DEXAMETASONA ELIXIR 0,1MG/ML C/100ML (GEN) FR",FARMACE,19,0,0,0,19,3.6,5.15,3.6,07/05/2024,ADMIN,5,2024
SCALP 19G C/ DISP. SEG UN,DESCARPACK,1,0,0,0,1,0.21,0.3,0.21,08/05/2024,ADMIN,5,2024
COLETOR DE URINA INF. UNISSEX ESTERIL. UN,SOLIDOR,30,0,0,0,30,0.2,0.27,19.87,10/05/2024,YAGO,5,2024
ESPATULA DE AYRES C/100UND PT,ESTILO ARTEFATOS,2,0,0,0,2,8.0,11.43,8.0,10/05/2024,ADMIN,5,2024
ESPACADOR P/ MEDICAMENTO EM AEROSOL (INCOT) UN,INCOTERM,7,0,0,0,7,33.05,47.22,33.0,13/05/2024,ADMIN,5,2024
SULF + TRIMETOPRIMA 200+40MG/5ML (GEN) 100ML FR,EMS S/A,7,0,0,0,7,3.6,5.14,3.6,13/05/2024,ADMIN,5,2024
SULF + TRIMETOPRIMA 400MG+80MG CPR (BELFACTRIM) CPR,BELFAR LTDA,104,0,0,0,104,0.22,0.32,0.22,13/05/2024,ADMIN,5,2024
CANULA GUEDELL 0 EST 60MM UN,DESCARPACK,4,0,0,0,4,1.6,2.29,1.6,14/05/2024,ADMIN,5,2024
LUVA VINIL S/PO M CX 100 CX,VABENE,40,0,0,0,40,14.4,20.57,14.4,21/05/2024,ADMIN,5,2024
DISPOSITIVO P/ TRANSFERENCIA FLUIDOS (TRANSOFIX). UN,INFUSAO,1,0,0,0,1,0.28,0.4,0.28,21/05/2024,ADMIN,5,2024
CANULA P/TRAQUEOSTOMIA 6.5 C/BL UN,LABOR IMPORT,17,0,0,0,17,9.0,12.86,9.0,21/05/2024,ADMIN,5,2024
LUVA VINIL C/PO M CX 100 CX,VABENE,53,0,0,0,53,14.49,20.69,14.4,22/05/2024,ADMIN,5,2024
SONDA ASP.TRAQUEAL 04FR UN,BIOBASE,80,0,0,0,80,0.5,0.71,0.58,27/05/2024,ADMIN,5,2024
CATETER INTRAVENOSO 14G. UN,LABOR IMPORT,9650,0,0,0,9650,0.76,1.09,22.8,29/05/2024,YAGO,5,2024
SONDA FOLEY 2 VIAS N.10 5CC PED UN,GLOMED,15,0,0,0,15,2.0,2.86,2.3,29/05/2024,ADMIN,5,2024
SONDA FOLEY 2 VIAS N.24 30CC UN,GLOMED,70,0,0,0,70,2.0,2.86,1.92,29/05/2024,ADMIN,5,2024
SONDA URETRAL N.04 UN,BIOBASE,1076,0,0,0,1076,0.43,0.62,0.43,29/05/2024,ADMIN,5,2024
SONDA FOLEY 2 VIAS N.22 30CC UN,SOLIDOR,125,0,0,0,125,1.76,2.51,1.76,13/06/2024,ADMIN,6,2024
MASCARA AEROSOL NEBULIZADORA ADULTO UN,SOLIDOR,10,0,0,0,10,4.05,5.79,4.0,13/06/2024,ADMIN,6,2024
"SAIS P/REIDRATACAO 27,9G PO (HIDRALI) SCH",AIRELA,474,0,0,0,474,1.09,1.56,1.09,13/06/2024,ADMIN,6,2024
CANULA P/TRAQUEOSTOMIA 4.0 C/BL UN,LABOR IMPORT,30,0,0,0,30,9.0,12.86,9.99,13/06/2024,ADMIN,6,2024
CANULA P/TRAQUEOSTOMIA 4.5 C/BL UN,LABOR IMPORT,24,0,0,0,24,9.0,12.86,9.99,13/06/2024,ADMIN,6,2024
SONDA URETRAL N.18 UN,LABOR IMPORT,1865,0,0,0,1865,0.54,0.77,0.54,13/06/2024,ADMIN,6,2024
MASCARA LARINGEA DESC. SILICONE NR 2.5 UN,SOLIDOR,1,0,0,0,1,15.91,22.72,15.12,13/06/2024,ADMIN,6,2024
"CANULA P/TRAQUEOSTOMIA 6,0 S/BL UN",JOAOMED,7,0,0,0,7,15.9,22.71,15.9,18/06/2024,ADMIN,6,2024
ALMOTOLIA EM PE CAP 250 ML AMBAR BICO RETO PC,J PROLAB,2,0,0,0,2,2.99,4.27,2.59,18/06/2024,ADMIN,6,2024
IPSILON 1G 5 PCC SOL 50MG/ML FA 20ML UN,ZYDUS NIKKHO,65,0,0,0,65,29.5,42.14,29.5,18/06/2024,ADMIN,6,2024
SONDA NASOGASTRICA LONGA N.06 UN,BIOBASE,4,0,0,0,4,0.62,0.89,0.63,18/06/2024,ADMIN,6,2024
SONDA NASOGASTRICA LONGA N.08 UN,BIOBASE,10,0,0,0,10,0.66,0.94,0.66,18/06/2024,ADMIN,6,2024
SONDA NASOGASTRICA CURTA N 06 UN,BIOBASE,22,0,0,0,22,0.6,0.85,0.6,18/06/2024,ADMIN,6,2024
CANULA GUEDELL 00 EST 50MM UN,OLIMED,50,0,0,0,50,1.64,2.35,1.57,19/06/2024,ADMIN,6,2024
CIPROFLOXACINO 2MG/ML 100ML AMP,ABL MEDICAMENTOS,2,0,0,0,2,10.7,15.28,10.7,19/06/2024,ADMIN,6,2024
COLETOR DE URINA INF. MASCULINO 100ML ESTERIL. UN,FOYOMED,100,0,0,0,100,2.83,0.4,2.7,19/06/2024,YAGO,6,2024
COLETOR DE URINA INF. UNISSEX 100ML ESTERIL. UN,FOYOMED,70,0,0,0,70,0.28,0.4,2.7,19/06/2024,YAGO,6,2024
MASCARA VNI CPAP TIPO 02 MEDIA PC,FOYOMED,2,0,0,0,2,132.03,188.61,124.38,19/06/2024,ADMIN,6,2024
SONDA ASP.TRAQUEAL 04FR UN,FOYOMED,50,0,0,0,50,0.61,0.87,0.58,19/06/2024,ADMIN,6,2024
SONDA FOLEY 2 VIAS N.18 30CC UN,WELL LEAD MEDICAL,600,0,0,0,600,2.0,2.86,1.76,19/06/2024,ADMIN,6,2024
SONDA FOLEY 2 VIAS N.24 30CC UN,WELL LEAD MEDICAL,510,0,0,0,510,2.0,2.86,2.8,19/06/2024,ADMIN,6,2024
SONDA FOLEY 3 VIAS N.20 30CC UN,WELL LEAD MEDICAL,870,20,0,0,850,2.0,2.86,2.79,19/06/2024,ADMIN,6,2024
TUBO SILICONE 204 RL/15MT RL,PERFIMED PERFITECNICA,31,0,0,0,31,115.23,164.61,110.0,19/06/2024,ADMIN,6,2024
CANULA GUEDELL 0 EST 60MM PC,GOODCOME,45,0,0,0,45,1.67,2.39,1.6,19/06/2024,ADMIN,6,2024
CANULA GUEDELL 01 EST 70MM UN,GOODCOME,46,0,0,0,46,1.67,2.39,1.6,19/06/2024,ADMIN,6,2024
CANULA GUEDELL 02 EST 80MM UN,GOODCOME,16,0,0,0,16,1.81,2.59,1.73,19/06/2024,ADMIN,6,2024
CANULA GUEDELL 03 EST 90MM PC,GOODCOME,25,0,0,0,25,1.81,2.59,1.73,19/06/2024,ADMIN,6,2024
CANULA GUEDELL 04 EST 100MM UN,GOODCOME,22,0,0,0,22,2.23,3.18,2.13,19/06/2024,ADMIN,6,2024
CANULA GUEDELL 05 EST 110MM UN,GOODCOME,44,0,0,0,44,2.23,3.18,2.13,19/06/2024,ADMIN,6,2024
CANULA GUEDELL 06 EST 120MM PC,GOODCOME,40,0,0,0,40,2.23,3.18,2.13,19/06/2024,ADMIN,6,2024
"CANULA P/TRAQUEOSTOMIA 4,0 C/BL UN",WELL LEAD MEDICAL,7,0,0,0,7,13.19,18.84,12.59,19/06/2024,ADMIN,6,2024
"ETIQUETAS BRANCA ADES EM BOPP FOSCO, ( RL C/132) UN",MM ROTULOS E ETIQUETAS,22308,0,0,0,22308,0.19,0.27,0.19,20/06/2024,ADMIN,6,2024
"ETIQUETAS ADES EM BOPP FOSCO, ( RL C/132) - DOURADO RL",MM ROTULOS E ETIQUETAS,792,0,0,0,792,0.19,0.27,0.19,20/06/2024,ADMIN,6,2024
"ETIQUETAS AZUL ADES EM BOPP FOSCO, ( RL C/264). UN",MM ROTULOS E ETIQUETAS,8862,0,0,0,8862,0.19,0.27,0.19,20/06/2024,ADMIN,6,2024
"ETIQUETAS LARANJA ADES EM BOPP FOSCO, ( RL C/132). RL",MM ROTULOS E ETIQUETAS,7656,0,0,0,7656,0.19,0.27,0.19,20/06/2024,ADMIN,6,2024
ETIQUETAS ADES EM BOPP FOSCO ( RL C/264) -VERMELHA RL,MM ROTULOS E ETIQUETAS,46096,0,0,0,46096,0.19,0.27,0.19,20/06/2024,ADMIN,6,2024
BRACADEIRA 2 VIAS ADULTO NYLON VELCRO C/ MANGUITO 18 A 35CM PREM UN,G-TECH/PREMIUN,1,0,0,0,1,25.15,35.93,22.95,25/06/2024,ADMIN,6,2024
"CUBA ASSEPSIA INOX 10,5 X 5 CM 290ML UN",FORTINOX,2,0,0,0,2,31.24,44.62,28.5,25/06/2024,ADMIN,6,2024
AMOXICILINA 500MG CAPS CX/21 CPR CX,MULTILAB,121,0,0,0,121,6.96,9.94,0.33,27/06/2024,YAGO,6,2024
GLIBENCLAMIDA 5MG CPR CPR,NEO QUIMICA,9,0,0,0,9,0.05,0.07,0.05,27/06/2024,ADMIN,6,2024
"LUVA CIR. ESTERIL 7,0 UN",LEMGRUBER,2,0,0,0,2,0.99,1.41,0.99,28/06/2024,ADMIN,6,2024
FITA ADESIVA HOSP. 19MM X 50M RL,POLAR FIX,4,0,0,0,4,3.25,4.64,5.23,28/06/2024,ADMIN,6,2024
CATETER P/OXIGENIO TIPO OCULOS ADULTO UN,MARKMED,2,0,0,0,2,1.0,1.43,0.56,28/06/2024,ADMIN,6,2024
AMOXICILINA 50MG/ML PO SUSP 60ML UN,CIMED,36,0,0,0,36,5.11,7.3,5.11,28/06/2024,ADMIN,6,2024
SULFATO FERROSO (SULFERBEL) 100ML XPE FR,BELFAR LTDA,59,0,0,0,59,3.7,5.29,3.7,28/06/2024,ADMIN,6,2024
METRONIDAZOL GEL VAG 50G BG,PRATI DONADUZZI,675,0,0,0,675,6.9,9.86,6.9,28/06/2024,ADMIN,6,2024
GEL P/ECG 100GR FR,FORTSAN,90,0,0,0,90,1.7,2.43,1.75,28/06/2024,ADMIN,6,2024
"SAIS P/REIDRATACAO 27,9G PO (HIDROTEN) SCH",BELFAR LTDA,472,50,0,0,422,0.84,1.2,0.84,30/06/2024,ADMIN,6,2024
MICONAZOL CREME VAG. 80G BG,TEUTO,40,0,0,0,40,15.08,21.54,15.07,01/07/2024,ADMIN,7,2024
SULFATO FERROSO (MASFEROL) 25MG/ML 100ML FR,BELFAR LTDA,260,0,0,0,260,4.45,6.35,4.45,03/07/2024,ADMIN,7,2024
PORTA AGULHA MAYO HEGAR 15CM HM PC,PROFESSIONAL,15,0,0,0,15,102.77,146.81,95.09,04/07/2024,ADMIN,7,2024
FILTRO BACTERIANO HEPA ADULTO UN MEDIX UN,MEDIX,65,0,0,0,65,11.0,15.71,11.15,11/07/2024,ADMIN,7,2024
SONDA NASOGASTRICA LONGA N.16 UN,BIOBASE,5,0,0,0,5,0.93,1.32,0.93,18/07/2024,ADMIN,7,2024
APARADEIRA (COMADRE) ACO INOX PC,FORTINOX,1,0,0,0,1,161.16,230.22,146.34,29/07/2024,ADMIN,7,2024
MASCARA OXIGENIO ALTA CONCENTR. ADULTO PC,FOYOMED,16,0,0,0,16,4.4,6.28,3.94,29/07/2024,ADMIN,7,2024
CIPROFLOXACINO 500MG. CX,PHARLAB,182,0,0,0,182,5.89,8.42,5.88,29/07/2024,ADMIN,7,2024
PAPEL CREPADO 50 X 50 BRANCO PC,POLAR FIX,82,0,0,0,82,4.98,7.1,249.0,29/07/2024,YAGO,7,2024
CLONIDINA 150 MCG/ML 1ML. (CLIZE) UN,HALEX ISTAR,350,0,0,0,350,5.81,8.3,5.81,05/08/2024,ADMIN,8,2024
BECLOMETASONA DIPROPIONATO 200MCG/200 DOSES UN,GLENMARK,48,0,0,0,48,40.05,57.21,40.05,06/08/2024,ADMIN,8,2024
METFORMINA 500MG (GEN) CPR,VITAMEDIC,30,0,0,0,30,0.19,0.27,0.19,06/08/2024,ADMIN,8,2024
CLARITROMICINA 500MG. CX,PHARLAB,6,0,0,0,6,37.62,53.74,37.6,06/08/2024,ADMIN,8,2024
BRACADEIRA C/MANG AD NYLON/VELCRO PREMIUM UN,G-TECH/PREMIUN,4,0,0,0,4,30.0,42.86,30.0,07/08/2024,ADMIN,8,2024
"ACIDO PERACETICO 0,2% (PERAX RIO) 5LT GL",RIO QUIMICA,1,0,0,0,1,135.0,192.85,135.0,08/08/2024,ADMIN,8,2024
ACETILCISTEINA XPE PED C/120ML (MUCOLISIL) FR,METALAB,3,0,0,0,3,6.85,9.78,6.8,12/08/2024,ADMIN,8,2024
"SONDA ENDOTRAQUEAL C/BALAO N.7,0MM UN",GLOMED,166,0,0,0,166,2.0,2.86,2.9,14/08/2024,ADMIN,8,2024
SONDA NASOGASTRICA LONGA N.16 UN,GLOMED,25,0,0,0,25,0.72,1.03,0.72,14/08/2024,ADMIN,8,2024
HIDROCLOROTIAZIDA 25MG CX C/30CPR CX,NEO QUIMICA,67,0,0,0,67,0.99,1.41,0.03,21/08/2024,YAGO,8,2024
PANCURONIO 2MG/ML 2ML AMP IV (G) AMP,FRESENIUS,100,0,0,0,100,5.65,8.07,5.65,22/08/2024,ADMIN,8,2024
MICONAZOL CREME VAG. 80G BG,NATIVITA,200,0,0,0,200,8.39,11.98,8.39,22/08/2024,ADMIN,8,2024
GLICLAZIDA 30MG LIB PROL CPR,EMS S/A,1,0,0,0,1,0.19,0.27,0.19,22/08/2024,ADMIN,8,2024
PERMETRINA (PERMENATI) 5% CREMO 60ML (S) FR,NATIVITA,149,0,0,0,149,3.26,4.65,3.26,22/08/2024,ADMIN,8,2024
PAPEL P/ECG TERMO CARDIOVERSOR ECG 50X30 RL,TECNOPRINT IMPRESSOS,86,0,0,5,81,13.0,18.57,13.0,22/08/2024,ADMIN,8,2024
DIPIRONA GOTAS 500MG/ML 10ML FR,FARMACE,80,0,0,0,80,2.04,2.91,2.03,26/08/2024,ADMIN,8,2024
KIT SUTURA ESTERIL PC,AVANT CARE,29,0,0,0,29,35.72,51.03,34.04,26/08/2024,ADMIN,8,2024
"SONDA ENDOTRAQUEAL C/BALAO N.7,0MM UN",MEDIS,2,0,0,0,2,3.04,4.35,2.9,26/08/2024,ADMIN,8,2024
AMOXICILINA 500MG CX,NOVA QUIMICA,24,0,0,0,24,6.26,8.94,6.25,27/08/2024,ADMIN,8,2024
EFEDRINA 50MGML 1ML (LUNIFEDRINE) AMP,UNIAO QUIMICA,2350,0,0,0,2350,5.64,8.06,5.64,27/08/2024,ADMIN,8,2024
HALOPERIDOL (DECANOATO) 50MG/1ML IM AMP,UNIAO QUIMICA,453,0,0,0,453,6.59,9.41,6.59,27/08/2024,ADMIN,8,2024
LIDOCAINA 1% S/VASO INJ 20ML HYPOCAINA FA,HYPOFARMA,40,0,0,0,40,8.2,11.71,8.2,27/08/2024,ADMIN,8,2024
PREDNISONA 5MG CPR (GEN) CX,NOVA QUIMICA,68,0,0,0,68,2.6,3.72,2.6,27/08/2024,ADMIN,8,2024
DIAMICRON MR GLICLAZIDA 60 MG C/30CPR CX,SERVIER DO BRASIL,261,0,0,0,261,8.17,11.67,0.27,28/08/2024,YAGO,8,2024
SULFATO FERROSO (SULFERMAX) 30ML GTS FR,AIRELA,230,0,0,0,230,1.04,1.49,1.04,28/08/2024,ADMIN,8,2024
PROPRANOLOL 40MG CPR (SANPRONOL) CPR,HIPOLABOR,280,0,0,0,280,0.03,0.05,0.03,28/08/2024,YAGO,8,2024
AVENTAL DESC. SEM MANGA AZUL GMA-40 UN,LUKTEX HOSPITALAR,200,0,0,0,200,2.2,3.14,55.0,30/08/2024,YAGO,8,2024
FRASCO P/ ASPIRACAO VIAS AEREAS 1000ML UN,BIOTEC,225,0,0,0,225,19.2,27.43,39.9,31/08/2024,ADMIN,8,2024
BUTIL ESCOP. + DIPIRONA MON. GTS 20ML (BELSPAN) UN,BELFAR MATOZINHOS,158,0,0,0,158,4.99,7.13,4.99,31/08/2024,ADMIN,8,2024
ENALAPRIL 20MG CPR,BELFAR LTDA,14640,0,0,0,14640,0.06,0.08,0.06,03/09/2024,ADMIN,9,2024
GLIBENCLAMIDA 5MG CPR (GLICAMIN) CPR,GEOLAB,1440,0,0,0,1440,0.04,0.06,0.04,03/09/2024,ADMIN,9,2024
LIDOCAINA 2% GEL 10G (XYLESTESIN ) SERINGA BG,CRISTALIA,150,0,0,0,150,17.01,24.3,17.01,03/09/2024,ADMIN,9,2024
MONTELUCASTE DE SODIO (UNIAIR) 5MG CX,GEOLAB,14,0,0,0,14,14.07,20.1,14.06,03/09/2024,ADMIN,9,2024
DEXAMETASONA CREME 10G TB,PRATI DONADUZZI,671,33,0,0,638,1.52,2.17,1.52,03/09/2024,ADMIN,9,2024
LORATADINA 1MG/100ML XPE GEN FR,PRATI DONADUZZI,93,0,0,0,93,3.45,4.93,3.45,04/09/2024,ADMIN,9,2024
SULFATO FERROSO (SULFERBEL) 40MG CPR CPR,BELFAR LTDA,2775,0,0,0,2775,0.04,0.06,0.04,04/09/2024,ADMIN,9,2024
ACETILCISTEINA 20MG/ML XPE PED (G) 120ML FR,EMS S/A,6,0,0,0,6,4.49,6.41,4.49,04/09/2024,ADMIN,9,2024
TROMETAMOL CETOROLACO 10MG C/10CP SUBL ( GEN) UN,NEO QUIMICA,7,0,0,0,7,14.55,20.78,14.41,05/09/2024,ADMIN,9,2024
ANLODIPINO 5MG (BESILAPIN) CX,GEOLAB,134,0,0,0,134,1.97,2.82,1.97,05/09/2024,ADMIN,9,2024
LIDOCAINA 1% S/VASO 20ML AMP (XYLESTESIN) AMP,CRISTALIA,20,0,0,0,20,8.31,11.87,8.31,06/09/2024,ADMIN,9,2024
BUTIL. ESCOP. + DIPIRONA (BELSPAN) CX,BELFAR LTDA,80,0,0,0,80,6.73,9.61,6.73,06/09/2024,ADMIN,9,2024
"BANDEJA 22X9X1,5CM REF.037 - ACOINOX (N) UN",DENTALMEX,29,0,0,0,29,21.86,31.23,21.86,06/09/2024,ADMIN,9,2024
ESPECULO VAG DESC. GRANDE ESTERIL UN,KOLPLAST,69,0,0,0,69,1.6,2.29,1.38,09/09/2024,ADMIN,9,2024
CONJUNTO AUXILIAR PAPANICOLAU ESTERIL UN,KOLPLAST,2200,0,0,0,2200,0.71,1.01,0.64,09/09/2024,ADMIN,9,2024
SONDA URETRAL N.14 UN,LABOR IMPORT,10,0,0,0,10,0.51,0.73,0.51,09/09/2024,ADMIN,9,2024
ESPECULO VAG DESC. GRANDE N/ESTERIL UN,KOLPLAST,10,0,0,0,10,1.24,1.77,1.07,09/09/2024,ADMIN,9,2024
AMOXICILINA 50MG/ML PO SUS 150ML FR FR,CIMED,105,0,0,0,105,5.67,8.1,5.67,11/09/2024,ADMIN,9,2024
CATETER INTRAVENOSO 24G. UN,SERIVA,100,0,0,0,100,2.2,3.14,2.2,11/09/2024,ADMIN,9,2024
BOTA NOBUCK N39 BRACOL MARROM 4018BAFN44 PR,CLARUS COMERCIO,2,0,0,0,2,162.83,232.6,162.83,11/09/2024,ADMIN,9,2024
ENALAPRIL 20MG CPR,CIMED,1260,0,0,0,1260,0.06,0.09,0.06,11/09/2024,ADMIN,9,2024
LORATADINA 1MG/100ML (LORATAMED) XPE UN,CIMED,266,0,0,0,266,3.9,5.57,3.9,11/09/2024,ADMIN,9,2024
CUBA ASSEPSIA INOX 8 X 4 CM 150ML UN,FORTINOX,10,0,0,0,10,20.0,28.57,20.0,12/09/2024,ADMIN,9,2024
CODEINA/PARACETAMOL 500MG+30MG CPR,GEOLAB,42,0,0,0,42,0.5,0.71,0.5,13/09/2024,ADMIN,9,2024
BICARBONATO SODIO PO 100G UN,AVVIO,11,0,0,0,11,3.68,5.25,3.64,13/09/2024,ADMIN,9,2024
LOPERAMIDA (INTESTIN) 2MG CP CX,GLOBO SA,7,0,0,0,7,2.14,3.05,2.11,13/09/2024,ADMIN,9,2024
RISPERIDONA 1MG C/30CP REV (GEO) UN,GEOLAB,1,0,0,0,1,5.1,7.29,5.05,13/09/2024,ADMIN,9,2024
HALOPERIDOL 5MG ( HALO ) CPR (C1) CPR,CRISTALIA,30,0,0,0,30,0.24,0.35,0.24,13/09/2024,ADMIN,9,2024
ACEBROFILINA XPE 50MG/5ML (GEN) FR,BIOSINTETICA,3,0,0,0,3,9.52,13.6,9.46,13/09/2024,ADMIN,9,2024
FLORENT 200MG ENV ENV,CIFARMA CIENTIFICA FARMA,20,0,0,0,20,1.66,2.38,1.65,13/09/2024,ADMIN,9,2024
LEVOFLOXACINO 750MG(GEN) CPR CPR,SANDOZ,1,0,0,0,1,3.86,5.51,3.83,13/09/2024,ADMIN,9,2024
RESPIRADOR 1/4 FACI C/ FIL VO P CA39428 UN,CLARUS COMERCIO,2,0,0,0,2,30.0,42.86,30.0,16/09/2024,ADMIN,9,2024
FRALDA DESC. INF M LIPPY BABY C/18 PC,MAXI CONFORT,70,2,0,0,68,7.5,10.71,7.5,16/09/2024,ADMIN,9,2024
FRALDA DESC. INF G (LIPPY BABY) PC,MAXI CONFORT,61,0,0,0,61,7.5,10.71,7.5,16/09/2024,ADMIN,9,2024
SOL. GLICOSE 5% 100ML FR,FRESENIUS,25,0,0,0,25,3.92,5.6,3.92,17/09/2024,ADMIN,9,2024
SONDA FOLEY 2 VIAS N.10 5CC PED UN,SOLIDOR,40,0,0,0,40,2.0,2.86,2.57,18/09/2024,ADMIN,9,2024
BRACADEIRA PARA APARELHO DE PRESSAO AD 1 VIA UN,MASTER MEDIKAL INDUSTRIA,1,0,0,0,1,120.0,171.42,120.0,18/09/2024,ADMIN,9,2024
IV 3000 10 X 12 C/FENESTRA UN,SMITH & NEPHEW MEDICAL,20,0,0,0,20,20.0,28.57,20.0,18/09/2024,ADMIN,9,2024
BRACADEIRA NYLON INFANTIL UN,PROMEDIX,50,0,0,0,50,14.67,20.96,14.67,18/09/2024,ADMIN,9,2024
PAPEL P/ECG TERMO 50MM X 30M RL,PROMEDIX,105,0,0,0,105,5.32,7.6,5.32,18/09/2024,ADMIN,9,2024
"MANTA ALUMINIZADA 2,10X1,40M PC",PROMEDIX,10,0,0,0,10,6.36,9.09,6.36,18/09/2024,ADMIN,9,2024
CURATIVO TRANSP. IV 6X7CM UN,PHARMAPORE,1100,0,0,0,1100,1.2,1.71,1.2,19/09/2024,ADMIN,9,2024
"CURATIVO TRANSP. IV 5X5,7CM. UN",PHARMAPORE,1300,0,0,0,1300,0.98,1.4,0.98,19/09/2024,ADMIN,9,2024
FIO NYLON 5-0 AGULHA 25MM CX,LABOR IMPORT,678,2,0,664,12,25.99,37.13,25.99,19/09/2024,ADMIN,9,2024
FINASTERIDA 1MG 30COM GEN TB CX,TEUTO,1,0,0,0,1,10.96,15.65,10.82,19/09/2024,ADMIN,9,2024
ASPIRADOR REDE VACUOMETRO 400 ML C/ FRASCO MASTER UN,PROTEC,5,0,0,0,5,210.0,299.98,210.0,20/09/2024,ADMIN,9,2024
VALVULA REGULADORA P/ REDE POSTO PAREDE DE OXIGENIO UN,PROTEC,5,0,0,0,5,285.0,407.12,285.0,20/09/2024,ADMIN,9,2024
VALVULA REGULADORA REDE DE AR COMPRIMIDO P/ POSTO PAREDE UN,PROTEC,5,0,0,0,5,285.0,407.12,285.0,20/09/2024,ADMIN,9,2024
FUROSEMIDA 40MG CPR (DIUREMIDA) CPR,GEOLAB,3680,0,0,0,3680,0.06,0.08,0.06,24/09/2024,ADMIN,9,2024
CIPROFLOXACINO 500MG. CX,NOVA QUIMICA,166,0,0,0,166,6.21,8.87,6.21,25/09/2024,ADMIN,9,2024
MICONAZOL CREME VAG. 80G BG,GEOLAB,219,0,0,0,219,14.5,20.71,14.75,25/09/2024,ADMIN,9,2024
"CARVEDILOL 6,25MG C/30 CPR CX",ZYDUS NIKKHO,12,0,0,0,12,3.44,4.91,3.44,25/09/2024,ADMIN,9,2024
CEFALEXINA 500MG (CEFAGEL). CPR,MULTILAB,238,0,0,0,238,1.0,1.43,1.0,25/09/2024,ADMIN,9,2024
CLENIL HFA 50MCG SPR 200 DOSES (BECLOMETASONA) CX,CHIESE,67,0,0,0,67,37.06,52.94,37.06,25/09/2024,ADMIN,9,2024
"CARVEDILOL 6,25MG C/30 CPR (GEN) UN",GERMED,18,0,0,0,18,3.6,5.14,3.6,25/09/2024,ADMIN,9,2024
GLIBENCLAMIDA 5MG CPR (GEN) CX,MEDQUIMICA,250,0,0,0,250,1.44,2.06,1.44,25/09/2024,ADMIN,9,2024
ENALAPRIL 20MG (RENOPRIL) CX,BELFAR LTDA,114,0,0,0,114,2.39,3.41,2.39,25/09/2024,ADMIN,9,2024
FUROSEMIDA 40 MG CPR CPR,PRATI DONADUZZI,20,0,0,0,20,0.05,0.08,0.05,25/09/2024,ADMIN,9,2024
CLARITROMICINA 500MG. CPR,PHARLAB,1390,0,0,0,1390,2.0,2.86,2.1,25/09/2024,ADMIN,9,2024
LORATADINA 1MG/100ML ( ALERGALIV ) XPE UN,LEGRAND BRASIL LTDA,64,0,0,0,64,5.5,7.86,5.5,25/09/2024,ADMIN,9,2024
BUDESONIDA BUSONID - 50MCG SPRAY 6ML CX,ACHE,74,0,0,0,74,33.74,48.2,33.74,25/09/2024,ADMIN,9,2024
CARB. CALCIO 600MG + VIT D3 400UI (MIRACALCIO) C/60CP CX,GEOLAB,274,0,0,0,274,13.51,19.3,13.51,25/09/2024,ADMIN,9,2024
REANIMADOR RESP. MANUAL DE SIL. ADULTO FOYOMED UN,CIRURGICA FERNANDES,3,0,0,0,3,108.14,154.48,99.81,25/09/2024,ADMIN,9,2024
DIPIRONA GOTAS 10ML (ABERALGINA). FR,AIRELA,144,1,0,0,143,1.41,2.01,1.41,25/09/2024,ADMIN,9,2024
LORATADINA 1MG/100ML XPE GEN UN,AIRELA,81,0,0,0,81,4.0,5.71,4.0,25/09/2024,ADMIN,9,2024
"CARVEDILOL 6,25MG CPR (GEN) CPR",CIMED,85,0,0,0,85,0.09,0.12,0.09,25/09/2024,ADMIN,9,2024
"ACIDO FOLICO 0,2MG/ML GTS (AFOLIMAX) 30ML FR",AIRELA,45,0,0,0,45,4.59,6.56,4.59,25/09/2024,ADMIN,9,2024
AMOXICILINA 250MG SUSP C/150ML UN,CIMED,440,0,0,0,440,10.0,14.28,10.0,25/09/2024,ADMIN,9,2024
"AMOXICILINA + CLAV 250MG POT 62,5MG 75ML UN",EMS S/A,113,1,0,0,112,18.0,25.71,18.0,25/09/2024,ADMIN,9,2024
CEFALEXINA 500MG. CX,UNIAO QUIMICA,77,1,0,0,76,8.76,12.51,8.76,25/09/2024,ADMIN,9,2024
METILDOPA 250MG (GEN) - C/30 CP CX,EMS S/A,196,0,0,0,196,28.08,40.11,0.94,25/09/2024,YAGO,9,2024
ALBENDAZOL 400MG CPR,PRATI DONADUZZI,370,0,0,0,370,0.58,0.83,0.58,25/09/2024,ADMIN,9,2024
NITROFURANTOINA 100MG CAP GEN CX,TEUTO,125,0,0,0,125,6.48,9.26,6.48,25/09/2024,ADMIN,9,2024
CEFALEXINA 500MG. CX,TEUTO,12,0,0,0,12,32.65,46.64,32.65,25/09/2024,ADMIN,9,2024
METFORMINA 500MG (GEN) C/30CPR CX,TEUTO,1032,0,0,0,1032,3.61,5.15,0.12,25/09/2024,YAGO,9,2024
RESERVATORIO P/ REANIMADOR ADULTO UN,FOYOMED,5,0,0,0,5,4.87,6.96,4.5,25/09/2024,ADMIN,9,2024
PINCA KELLY RETA 14CM UN,PROFESSIONAL,2,0,0,0,2,20.29,28.99,18.73,25/09/2024,ADMIN,9,2024
"PINCA DISSEC. DENTE RATO 1X2 RT 11,5CM UN",SAFER,9,0,0,0,9,7.52,10.74,6.94,25/09/2024,ADMIN,9,2024
AMOXICILINA + CLAV 500+125MG CX,SANDOZ,84,0,0,0,84,73.29,104.69,73.29,25/09/2024,ADMIN,9,2024
AMOXICILINA + CLAV 500+125MG CX,SANDOZ,196,0,0,0,196,55.09,78.7,55.09,25/09/2024,ADMIN,9,2024
ANLODIPINO 5MG CX,CIMED,312,0,0,0,312,2.0,2.86,2.0,25/09/2024,ADMIN,9,2024
PAPEL GRAU CIRURGICO 100MM X 100MT RL,DUOTEC EMBALAGENS,7,0,0,0,7,47.4,67.71,47.4,26/09/2024,ADMIN,9,2024
COLETOR DE URINA KIT ESTERIL 2 TUBOS 12 ML TP VERMELHA. PC,J PROLAB,1900,0,0,0,1900,1.37,1.96,1.37,26/09/2024,ADMIN,9,2024
SUPORTE PERF. CORTANTE 13LT UN,DESCARBOX,8,0,0,0,8,28.78,41.11,28.78,26/09/2024,ADMIN,9,2024
ACIDO ACETICO 5% 1000ML LT,PROC9,1,0,0,0,1,12.64,18.06,12.64,26/09/2024,ADMIN,9,2024
PORTA LAMINA P/CITOLOGIA CAP 3 LAMINAS (J.PROLAB) (N) UN,J PROLAB,130,0,0,0,130,0.6,0.86,0.6,26/09/2024,ADMIN,9,2024
"ATADURA CREPOM 20CM X 1,8M 13 FIOS RL",ECOMAX,100,0,0,0,100,0.83,1.19,0.83,26/09/2024,ADMIN,9,2024
PAPEL GRAU CIRURGICO 150MM X 100MT RL,DUOTEC EMBALAGENS,12,0,0,0,12,71.0,101.42,71.0,26/09/2024,ADMIN,9,2024
DETERGENTE ENZIMATICO (FORTZYME PLUS) 1LT LT,FORTSAN,24,2,0,0,22,21.3,30.43,21.3,26/09/2024,ADMIN,9,2024
TERMOMETRO CLINICO DIG PORT UN,LABOR IMPORT,24,0,0,0,24,8.2,11.71,8.2,26/09/2024,ADMIN,9,2024
ATADURA CREPOM 10CM X 1.8M 13 FIOS EDUARDA UN,AMED S/A,1,0,0,0,1,0.5,0.71,0.46,26/09/2024,ADMIN,9,2024
SONDA URETRAL N.10 UN,BIOBASE,8,0,0,0,8,0.48,0.68,0.48,26/09/2024,ADMIN,9,2024
SCALP 27G C/ DISP. SEG UN,SAFER,4300,200,0,0,4100,0.3,0.43,0.28,01/10/2024,ADMIN,10,2024
SCALP 25G C/ DISP. SEG UN,SAFER,300,0,0,0,300,0.3,0.43,0.28,01/10/2024,ADMIN,10,2024
COLETOR UNIVERSAL 50ML S/PA ESTERIL TAMPA BRANCA UN,CRALPLAST,300,0,0,0,300,0.22,0.32,0.21,01/10/2024,ADMIN,10,2024
FRASCO P/DRENAGEM MEDIASTINAL 1000ML S/DRENO UN,3P MEDICAL,1,0,0,0,1,15.72,22.46,14.94,01/10/2024,ADMIN,10,2024
MASCARA OXIGENIO ALTA CONCENTR. ADULTO PC,WELL LEAD MEDICAL,125,5,0,0,120,4.84,6.91,4.53,01/10/2024,ADMIN,10,2024
NITROFURANTOINA 100MG CAP GEN CPS,TEUTO,546,0,0,0,546,0.29,0.41,0.29,01/10/2024,ADMIN,10,2024
PAPEL GRAU CIRURGICO 80MM X 100MT RL,DUOTEC EMBALAGENS,13,0,0,0,13,38.0,54.28,90.0,02/10/2024,ADMIN,10,2024
PAPEL GRAU CIRURGICO 100MM X 100MT RL,POLAR FIX,6,0,0,0,6,56.35,80.5,120.0,02/10/2024,ADMIN,10,2024
ACICLOVIR 250MG INJ AMP (GEN) AMP,BLAU,425,0,0,0,425,6.91,9.87,6.91,02/10/2024,ADMIN,10,2024
LAMPADA LED LARINGOSCOPIO HAOXI UN,HAOXI,2,0,0,0,2,34.34,49.05,32.64,03/10/2024,ADMIN,10,2024
VACUOMETRO C/FR VIDRO 500 ML UN,HAOXI,40,2,0,0,38,103.0,147.14,103.0,03/10/2024,ADMIN,10,2024
FLUXOMETRO HAOXI 0 - 30 LPM OXIGENIO UN,HAOXI,20,0,0,0,20,134.4,191.99,134.4,03/10/2024,ADMIN,10,2024
FLUXOMETRO 0 - 15 LPM OXIGENIO HAOXI UN,HAOXI,20,6,0,0,14,42.9,61.28,42.9,03/10/2024,ADMIN,10,2024
CATETER P/OXIGENIO TIPO OCULOS UN,BIOBASE,4,0,0,0,4,0.8,1.14,1.0,03/10/2024,ADMIN,10,2024
SABONETE LIQ ALL CLEAN C/05 LTS F.DA MAN LIT,SUPER SUPPLY,2,0,0,0,2,31.0,44.28,31.0,04/10/2024,ADMIN,10,2024
SOL. MANITOL 20%250ML FR,HALEX ISTAR,25,0,0,0,25,8.66,12.37,8.66,08/10/2024,ADMIN,10,2024
"SONDA ENDOTRAQUEAL C/BALAO N.3,5MM UN",SOLIDOR,85,10,0,0,75,3.35,4.79,3.35,09/10/2024,ADMIN,10,2024
INFUSOR 2 VIAS C/CLAMP UN,ADVANTIVE,2,0,0,0,2,0.65,0.93,0.65,10/10/2024,ADMIN,10,2024
DRENO SUCCAO TORAX PVC 32FR UN,GCMEDICA,5,0,0,0,5,5.5,7.86,5.5,10/10/2024,ADMIN,10,2024
AZITROMICINA 500MG CPR CPR,CIMED,105,5,0,0,100,0.88,1.26,0.88,11/10/2024,ADMIN,10,2024
AGUA P/INJECAO 500ML UN,EQUIPLEX,60,0,0,0,60,4.95,7.07,4.95,11/10/2024,ADMIN,10,2024
SERINGA DESC. 10ML S/AG LUER SLIP UN,PROCARE,10,0,0,0,10,0.19,0.27,0.19,11/10/2024,ADMIN,10,2024
"SONDA ENDOTRAQUEAL C/BALAO N.7,5MM UN",SOLIDOR,20,0,0,0,20,3.76,5.37,3.76,11/10/2024,ADMIN,10,2024
SCALP 21G UN,SOLIDOR,1000,0,0,0,1000,0.16,0.23,0.16,11/10/2024,ADMIN,10,2024
ISOSSORBIDA 5MG (ISORDIL) C/30CPR CX,EMS S/A,44,0,0,0,44,8.4,12.0,0.28,11/10/2024,YAGO,10,2024
"SONDA ENDOTRAQUEAL C/BALAO N.8,0MM UN",GLOMED,10,0,0,0,10,2.5,3.57,2.5,11/10/2024,ADMIN,10,2024
PRESERVATIVO NAO LUBRIFICADO 52 MM UN,MADEITEX,13824,0,0,0,13824,0.31,0.44,0.31,14/10/2024,ADMIN,10,2024
DRENO DE PENROSE 4 [EST](S/GAZE) UN,MADEITEX,124,0,0,0,124,1.94,2.77,1.94,14/10/2024,ADMIN,10,2024
"CURATIVO TRANSP. IV 8,5X11,5CM UN",PHARMAPORE,100,0,0,0,100,1.48,2.11,2.1,14/10/2024,ADMIN,10,2024
"AGULHA DESC. 30 X 0,70MM UN",SOLIDOR,10000,0,0,0,10000,0.06,0.09,6.0,18/10/2024,YAGO,10,2024
PAPEL GRAU CIRURGICO 50MM X 100MT RL,DUOTEC EMBALAGENS,2,0,0,0,2,22.6,32.28,22.6,21/10/2024,ADMIN,10,2024
"SONDA ENDOTRAQUEAL C/BALAO N.7,0MM UN",WELL LEAD MEDICAL,211,0,0,0,211,3.46,4.94,3.36,22/10/2024,ADMIN,10,2024
"SONDA ENDOTRAQUEAL C/BALAO N.8,0MM UN",WELL LEAD,90,0,0,0,90,3.46,4.94,3.36,22/10/2024,ADMIN,10,2024
FRASCO P/ ASPIRACAO VIAS AEREAS 2000ML FR,3P MEDICAL,28,0,0,0,28,23.39,33.41,22.0,23/10/2024,ADMIN,10,2024
FRASCO P/ ASPIRACAO VIAS AEREAS 3500ML UN,3P MEDICAL,30,0,0,0,30,31.9,45.56,30.0,23/10/2024,ADMIN,10,2024
GARROTE DESCARTAVEL C/25 TIRAS 36CM CX,VACUPLAST,1,0,0,0,1,17.12,24.45,16.16,23/10/2024,ADMIN,10,2024
APARELHO DE BARBEAR UN,MAXICOR,2815,160,0,0,2655,0.73,1.04,0.56,23/10/2024,ADMIN,10,2024
ENALAPRIL 20MG CPR,CIMED,180,0,0,0,180,0.06,0.09,0.06,24/10/2024,ADMIN,10,2024
CEFEPIMA 1G. FR,BIOCHIMICO,10,0,0,0,10,10.73,15.33,10.73,24/10/2024,ADMIN,10,2024
CETOCONAZOL CREME 20MG 30G BG,NATIVITA,8,0,0,0,8,4.18,5.97,4.18,24/10/2024,ADMIN,10,2024
FLUOXETINA 20MG C/30CPR CX,TEUTO,3,0,0,0,3,3.6,5.14,0.12,24/10/2024,YAGO,10,2024
GLICLAZIDA 60MG COMP CX,RANBAXY FARMACEUTICA ,1,0,0,0,1,47.4,67.71,47.4,24/10/2024,ADMIN,10,2024
TIRAS TESTE GLICOSE SANGUE AMARELO UN,ON CALL PLUS,1,0,0,0,1,0.46,0.66,0.46,24/10/2024,ADMIN,10,2024
LOPERAMIDA 2MG CX,GLOBO SA,2,0,0,0,2,2.3,3.28,2.28,25/10/2024,ADMIN,10,2024
FINASTERIDA 5MG C/30 CX,CIMED,1,0,0,0,1,10.9,15.57,10.8,25/10/2024,ADMIN,10,2024
CURATIVO BANDAGEM INFANTIL CURE AID C/500 UN,SOLIDOR,12500,0,0,0,12500,0.04,0.06,0.04,25/10/2024,YAGO,10,2024
SONDA FOLEY 3 VIAS N.18 30CC UN,SOLIDOR,450,30,0,0,420,2.5,3.0,2.5,25/10/2024,VALDEMAR,10,2024
SONDA FOLEY 2 VIAS N.20 30CC UN,SOLIDOR,1920,90,0,0,1830,2.0,2.86,2.0,25/10/2024,ADMIN,10,2024
"FITA MICROPORE 2,5 CM X 10M RL",MAXICOR,17,0,0,0,17,1.98,2.83,1.98,25/10/2024,ADMIN,10,2024
DEXAMETASONA 4MG COMP CX,TEUTO,13,0,0,0,13,3.56,5.08,3.54,25/10/2024,ADMIN,10,2024
CATETER TIPO OCULOS NEONATAL 4FR UN,FOYOMED,910,0,0,0,910,0.51,0.73,0.51,25/10/2024,ADMIN,10,2024
VITAMINA D3 (COLECALCIFEROL) 50.000UI CX,EUROFARMA,2,0,0,0,2,59.0,84.28,59.0,29/10/2024,ADMIN,10,2024
VITAMINA D3 (COLECALCIFEROL) 7.000UI CX,ALTHAIA S.A,2,0,0,0,2,17.04,24.34,17.04,29/10/2024,ADMIN,10,2024
"CLONIDINA 0,150MG COMP (ATENSINA) CX",MAWDSLEYS,1,0,0,0,1,12.6,18.0,12.6,29/10/2024,ADMIN,10,2024
BOLSA PARA COLOSTOMIA DESCARTAVEL 63MM PC,MEDSONDA,985,0,0,0,985,7.97,11.38,7.66,30/10/2024,ADMIN,10,2024
POLIESTIRENOSULFONATO DE CALCIO 900MG/G (CALNATE) 30G (-) ENV,EUROFARMA,26,0,0,0,26,35.0,50.0,35.0,01/11/2024,ADMIN,11,2024
DEXAMETASONA 4MG CPR CPR,TEUTO,10,0,0,0,10,0.25,0.36,0.25,01/11/2024,ADMIN,11,2024
SONDA FOLEY 2 VIAS N.12 30CC UN,SOLIDOR,1,0,0,0,1,2.0,2.86,2.0,04/11/2024,ADMIN,11,2024
SERINGA DESC. 60ML S/AG LUER SLIP UN,KDL,745,0,0,0,745,1.5,2.14,1.5,04/11/2024,ADMIN,11,2024
COLETOR DE URINA SISTEMA ABERTO 2000 ML UN,BIOBASE,1,0,0,0,1,0.34,0.49,0.34,04/11/2024,ADMIN,11,2024
COLETOR DE URINA SF 2000ML UN,SOLIDOR,644,330,0,0,314,3.2,4.57,3.2,04/11/2024,ADMIN,11,2024
"AGULHA DESC. 30 X 0,80MM UN",DESCARPACK,200,0,0,0,200,0.06,0.09,0.06,04/11/2024,ADMIN,11,2024
SONDA FOLEY 2 VIAS N.18 30CC UN,SOLIDOR,1400,60,0,0,1340,2.0,2.86,2.0,04/11/2024,ADMIN,11,2024
SONDA FOLEY 2 VIAS N.10 5CC PED UN,WELL LEAD MEDICAL,11,0,0,0,11,2.0,2.86,2.0,04/11/2024,ADMIN,11,2024
METRONIDAZOL GEL VAG 50G (FLAGIMAX) BG,BELFAR LTDA,408,0,0,0,408,6.94,9.91,6.94,04/11/2024,ADMIN,11,2024
CONECTOR T 22F X 22F X 22M COM 01 VALVULA UNI + ADAPTADOR DA VAL UN,VENTCARE INDUSTRIA,8,0,0,0,8,20.67,29.53,18.5,05/11/2024,ADMIN,11,2024
"LUVA CIR. ESTERIL 7,0 UN",GLOMED,3,0,0,0,3,1.35,1.93,1.35,05/11/2024,ADMIN,11,2024
"SONDA ENDOTRAQUEAL S/BALAO N.6,5MM UN",SOLIDOR,1,0,0,0,1,2.68,3.83,2.68,05/11/2024,ADMIN,11,2024
"SONDA ENDOTRAQUEAL S/BALAO N.7,0MM UN",SOLIDOR,1,0,0,0,1,2.76,3.94,2.76,05/11/2024,ADMIN,11,2024
"SONDA ENDOTRAQUEAL S/BALAO N.7,5MM UN",SOLIDOR,1,0,0,0,1,2.26,3.23,2.26,05/11/2024,ADMIN,11,2024
"SONDA ENDOTRAQUEAL S/BALAO N.8,0MM UN",SOLIDOR,1,0,0,0,1,2.49,3.56,2.49,05/11/2024,ADMIN,11,2024
"SONDA ENDOTRAQUEAL S/BALAO N.8,5MM UN",SOLIDOR,1,0,0,0,1,2.45,3.5,2.45,05/11/2024,ADMIN,11,2024
"SONDA ENDOTRAQUEAL S/BALAO N.9,0MM UN",SOLIDOR,1,0,0,0,1,2.78,3.97,2.78,05/11/2024,ADMIN,11,2024
"SONDA ENDOTRAQUEAL C/BALAO N.3,5MM UN",GLOMED,1,0,0,0,1,2.84,4.06,2.84,05/11/2024,ADMIN,11,2024
SOL. GLICOSE 5% 500ML FR,EQUIPLEX,12,0,0,0,12,5.65,8.07,5.65,06/11/2024,ADMIN,11,2024
CLONIDINA 150MCG/1ML (CLONIDIN) AMP,CRISTALIA,30,0,0,0,30,6.74,9.63,6.74,06/11/2024,ADMIN,11,2024
PINCA KELLY CURVA 14CM C/ SERRILHA UN,PROFESSIONAL,17,0,0,0,17,20.94,29.92,18.73,07/11/2024,ADMIN,11,2024
PINCA KELLY RETA 14CM PC,PROFESSIONAL,1,0,0,0,1,20.94,29.92,18.73,07/11/2024,ADMIN,11,2024
CUBA RETANGULAR S/ TAMPA 30X20X04 FORTINOX UN,FORTINOX,5,0,0,0,5,58.37,83.38,55.06,07/11/2024,ADMIN,11,2024
GUIA INTUBACAO 4.7MM (BOUGIE) 14FR UN,GCMEDICA,11,0,0,0,11,4.51,6.44,4.26,07/11/2024,ADMIN,11,2024
AGULHA RAQ QUINCK 20G 20G X 3 1/2 - KDL UN,KDL,50,0,0,0,50,2.38,3.41,2.07,07/11/2024,ADMIN,11,2024
"SONDA ENDOTRAQUEAL S/BALAO N.4,0MM UN",SOLIDOR,65,0,0,0,65,2.41,3.44,2.41,08/11/2024,ADMIN,11,2024
FRALDA HUGGIES SUP CARE ROUP XG C/24 PC,HUGGIES,9,0,0,0,9,62.16,88.8,2.59,13/11/2024,YAGO,11,2024
CLOREXIDINA 1% AQUOSA 1000ML - VICPHARMA FR,VIC PHARMA,24,0,0,0,24,8.75,12.5,8.75,14/11/2024,ADMIN,11,2024
CLOREXIDINA 2% AQUOSA 1000ML - VICPHARMA FR,VIC PHARMA,18,0,0,0,18,14.85,21.21,14.85,14/11/2024,ADMIN,11,2024
"CANULA P/TRAQUEOSTOMIA 3,5 S/BL UN",WELL LEAD,10,0,0,0,10,11.7,16.71,11.24,16/11/2024,ADMIN,11,2024
CANULA P/TRAQUEOSTOMIA 6.5 S/BL UN,WELL LEAD,10,0,0,0,10,11.7,16.71,11.24,16/11/2024,ADMIN,11,2024
"CANULA P/TRAQUEOSTOMIA 7,0 S/BL UN",WELL LEAD,10,0,0,0,10,11.7,16.71,11.24,16/11/2024,ADMIN,11,2024
CANULA P/TRAQUEOSTOMIA 7.5 S/BL UN,WELL LEAD,10,0,0,0,10,11.7,16.71,11.24,16/11/2024,ADMIN,11,2024
CANULA P/TRAQUEOSTOMIA 8.0 S/BL UN,WELL LEAD,10,0,0,0,10,11.7,16.71,11.24,16/11/2024,ADMIN,11,2024
CANULA P/TRAQUEOSTOMIA 8.5 S/BL UN,WELL LEAD,5,0,0,0,5,11.7,16.71,11.24,16/11/2024,ADMIN,11,2024
CANULA P/TRAQUEOSTOMIA 9.0 S/BL UN,SAFER,10,0,0,0,10,21.65,30.92,20.8,16/11/2024,ADMIN,11,2024
ANUSCOPIO FECHADO UN,KOLPLAST,570,0,0,0,570,2.86,4.09,2.75,16/11/2024,ADMIN,11,2024
FITA ADESIVA HOSP. 19MM X 50M RL,EUROCEL,4,0,0,0,4,3.31,4.73,3.18,16/11/2024,ADMIN,11,2024
FITA PARA AUTOCLAVE 19MM X 30M UN,EUROCEL,14,0,0,0,14,3.31,4.73,3.18,16/11/2024,ADMIN,11,2024
ESPIRONOLACTONA 25MG CPR,GEOLAB,2940,0,0,0,2940,0.28,0.4,0.28,18/11/2024,ADMIN,11,2024
"ATADURA CREPOM 30CM X 1,8M 13 FIOS JADE UN",AMED S/A,665,0,0,0,665,1.26,1.79,1.26,18/11/2024,ADMIN,11,2024
FIO POLIPROPILENO 3-0 AG 3/8 CIRC CIL 30MM 75CM CX,DONATI FIOS CIRURGICOS,240,0,0,237,3,44.0,62.85,44.0,22/11/2024,ADMIN,11,2024
APIDRA 100UI/ML AMP 10ML AMP,MEDLEY,51,0,0,50,1,152.35,217.63,152.35,22/11/2024,ADMIN,11,2024
"LUVA CIR. ESTERIL 8,0 UN",SANRO,2,0,0,0,2,1.04,1.48,1.04,25/11/2024,ADMIN,11,2024
AGULHA P/ ANEST. DE PLEXO 22GX50MM UN,UNIEVER UNISIS,25,0,0,0,25,31.76,45.36,31.76,25/11/2024,ADMIN,11,2024
EXTENSOR CATETER INFUSAO LUER LOCK 60CM UN,TKL,120,0,0,0,120,0.5,0.71,0.5,25/11/2024,ADMIN,11,2024
EXTENSOR CATETER INFUSAO LUER LOCK 120CM UN,TKL,3010,0,0,0,3010,0.56,0.8,0.56,25/11/2024,ADMIN,11,2024
"AGULHA DESC. C/ DISP. SEG. 13 X 4,5MM UN",WILTEX,48600,0,0,0,48600,0.22,0.31,21.78,25/11/2024,YAGO,11,2024
"AGULHA DESC. C/ DISP. SEG. 20 X 5,5MM UN",WILTEX,14600,3800,0,0,10800,0.22,0.31,21.78,25/11/2024,YAGO,11,2024
"SERINGA P/GASOMETRIA C/ HEPARINA LITICA 2,5ML SG25CA-1 LUER LOCK UN",NEOLAB PRODUTOS ,1790,50,0,0,1740,1.25,1.79,1.25,25/11/2024,ADMIN,11,2024
"LUVA CIR. ESTERIL 8,5 UN",LIFE PLUS,777,0,0,0,777,1.04,1.49,1.04,25/11/2024,ADMIN,11,2024
"AGULHA PERI TUOHY 16GX3,5 UN",PROCARE,1125,0,0,0,1125,2.44,3.48,60.99,25/11/2024,YAGO,11,2024
AGULHA PERI TUOHY 17G UN,PROCARE,825,0,0,0,825,2.56,3.66,64.08,25/11/2024,YAGO,11,2024
AGULHA BIOPSIA DE MEDULA OSSEA 13GX75MM UN,SAFER,70,0,0,0,70,62.7,89.57,62.7,25/11/2024,ADMIN,11,2024
AVENTAL TRILAMINADO DE PROC.DESC.MANGA LONGA 50G PC,HNDESC,155,0,0,0,155,48.64,69.49,48.64,25/11/2024,ADMIN,11,2024
"AGULHA DESC. 30 X 0,80MM UN",SOLIDOR,7200,0,0,0,7200,0.05,0.07,0.05,25/11/2024,ADMIN,11,2024
CATETER INTRAVENOSO C/DISP SEG 16G. UN,POLYMED,8900,100,0,0,8800,1.4,2.0,1.4,25/11/2024,ADMIN,11,2024
FRASCO COLETOR BRONCOSCOPIA 120ML UN,3P MEDICAL,40,0,0,0,40,14.0,20.0,14.0,25/11/2024,ADMIN,11,2024
COLETOR PERFURO CORTANTE 07 LTS UN,BIOCIENCIA,135,0,0,0,135,3.3,4.71,3.2,26/11/2024,ADMIN,11,2024
COLETOR PERFURO CORTANTE 03 LTS UN,BIOCIENCIA,239,0,0,0,239,2.4,3.43,2.32,26/11/2024,ADMIN,11,2024
MANTA P/ESTERIL (WRAPS) 90CM X 90CM 40G PC,POLAR FIX,1,0,0,0,1,80.73,115.32,80.73,26/11/2024,ADMIN,11,2024
PANTOPRAZOL SOD. SESQ HIDRA 20MG C/14 CX,BIOSINTETICA,1,0,0,0,1,7.84,11.2,7.84,27/11/2024,ADMIN,11,2024
SERINGA DESC. 03ML S/AG LUER SLIP UN,DESCARPACK,300,0,0,0,300,0.13,0.18,0.13,27/11/2024,ADMIN,11,2024
REVELADOR E REFORCADOR P/RAIO-X AUTOMATICO GL,FUJIFILM,1,0,0,0,1,504.88,721.22,504.88,27/11/2024,ADMIN,11,2024
CLOR. PROMETAZINA (FENERGAN) 25MG CPR CX,SANOFI,5,0,0,0,5,19.6,28.0,19.6,28/11/2024,ADMIN,11,2024
ROSUVASTATINA CALCICA 20MG C/30 CX,NOVA QUIMICA,1,0,0,0,1,25.8,36.86,25.8,28/11/2024,ADMIN,11,2024
APIXABANA 5MG CPR (GEN) CPR,NATCOFARMA DO BRASIL LTDA,1,0,0,0,1,22.4,32.0,22.4,02/12/2024,ADMIN,12,2024
DONEPEZILA 10MG CPR (C1) (GEN) CX C/30,TORRENT,1,0,0,0,1,33.9,48.43,33.9,02/12/2024,ADMIN,12,2024
ETNA C/20 CAPS CX,GROSS LABORATORIO SA,1,0,0,0,1,62.8,89.71,62.8,02/12/2024,ADMIN,12,2024
GEL P/ECG 5KG AZUL GL,FORTSAN,12,0,0,0,12,22.68,32.4,22.68,03/12/2024,ADMIN,12,2024
PILHA MOEDA DE LITIO 2032BR (DURAC) UN,DROGA FARMA,10,5,0,0,5,5.9,8.44,29.25,04/12/2024,YAGO,12,2024
VITAMINA D COLECALCIFEROL 7.000UI C/10 CX,EUROFARMA,1,0,0,0,1,19.6,28.0,19.6,05/12/2024,ADMIN,12,2024
VIMPAT 100MG C/28 (C1) C/28CPR CX,UCB BHIOPHARMA,1,0,0,0,1,362.32,517.57,362.32,05/12/2024,ADMIN,12,2024
SONDA ENDOTRAQUEAL C/BALAO N.5.0MM UN,SOLIDOR,100,0,0,0,100,2.5,3.57,2.5,10/12/2024,ADMIN,12,2024
"SONDA ENDOTRAQUEAL S/BALAO N.6,0MM UN",SOLIDOR,10,0,0,0,10,1.65,2.36,1.65,10/12/2024,ADMIN,12,2024
"SONDA ENDOTRAQUEAL C/BALAO N.4,5 UN UN",SOLIDOR,15,4,0,0,11,2.5,3.57,2.5,10/12/2024,ADMIN,12,2024
"SONDA ENDOTRAQUEAL C/BALAO N.5,5 UN UN",SOLIDOR,60,0,0,0,60,2.5,3.57,2.5,10/12/2024,ADMIN,12,2024
"SONDA ENDOTRAQUEAL C/BALAO N.6,5MM UN",SOLIDOR,20,0,0,0,20,2.5,3.57,2.5,10/12/2024,ADMIN,12,2024
"SONDA ENDOTRAQUEAL S/BALAO N.4,5MM UN",SOLIDOR,10,0,0,0,10,1.65,2.36,1.65,10/12/2024,ADMIN,12,2024
"SONDA ENDOTRAQUEAL C/BALAO N.6,0MM UN",SOLIDOR,47,0,0,0,47,2.5,3.57,2.5,10/12/2024,ADMIN,12,2024
FIO ACID. POLIGLICOLICO (PGA) 2/0 - AG.40MM - 1/2 DE CIRCULO UN,PROCARE,72,0,0,0,72,4.25,6.07,102.0,10/12/2024,YAGO,12,2024
"SONDA ENDOTRAQUEAL C/BALAO N.3,0MM UN",SOLIDOR,60,0,0,0,60,2.5,3.57,2.5,10/12/2024,ADMIN,12,2024
"SONDA ENDOTRAQUEAL C/BALAO N.4,0MM UN",SOLIDOR,61,1,0,0,60,2.5,3.57,2.5,10/12/2024,ADMIN,12,2024
"SONDA ENDOTRAQUEAL S/BALAO N.2,5MM UN",SOLIDOR,5,0,0,0,5,1.73,2.48,1.73,10/12/2024,ADMIN,12,2024
"SONDA ENDOTRAQUEAL S/BALAO N.2,0MM UN",SOLIDOR,10,0,0,0,10,1.88,2.68,1.88,10/12/2024,ADMIN,12,2024
"SONDA ENDOTRAQUEAL S/BALAO N.3,0MM UN",SOLIDOR,80,0,0,0,80,1.65,2.36,1.65,10/12/2024,ADMIN,12,2024
"SONDA ENDOTRAQUEAL S/BALAO N.5,5MM UN",SOLIDOR,156,0,0,0,156,1.65,2.36,1.65,10/12/2024,ADMIN,12,2024
FILTRO BACTERIANO HMEF C/TRAQUEIA PED UN,HISERN,76,0,0,0,76,5.85,8.35,5.33,11/12/2024,ADMIN,12,2024
"SONDA ENDOTRAQUEAL C/BALAO N.3,0MM UN",WELL LEAD MEDICAL,5,0,0,0,5,3.37,4.81,3.24,11/12/2024,ADMIN,12,2024
"CANULA P/TRAQUEOSTOMIA 5,0 C/BL UN",WELL LEAD MEDICAL,10,0,0,0,10,15.18,21.69,14.6,11/12/2024,ADMIN,12,2024
"CANULA P/TRAQUEOSTOMIA 7,0 C/BL UN",WELL LEAD MEDICAL,30,0,0,0,30,15.18,21.69,14.6,11/12/2024,ADMIN,12,2024
"CANULA P/TRAQUEOSTOMIA 7,5 C/BL UN",WELL LEAD MEDICAL,107,5,0,0,102,15.18,21.69,14.6,11/12/2024,ADMIN,12,2024
"SONDA ENDOTRAQUEAL C/BALAO N.4,0MM UN",WELL LEAD,47,0,0,0,47,3.37,4.81,3.24,11/12/2024,ADMIN,12,2024
"SONDA ENDOTRAQUEAL C/BALAO N.5,5MM UN",WELL LEAD MEDICAL,22,0,0,0,22,3.37,4.81,3.24,11/12/2024,ADMIN,12,2024
SONDA ASP.TRAQUEAL 12FR UN,FOYOMED,1070,550,0,0,520,0.61,0.87,0.58,11/12/2024,ADMIN,12,2024
"SONDA ENDOTRAQUEAL C/BALAO N.3,5MM UN",WELL LEAD,110,0,0,0,110,3.37,4.81,3.24,11/12/2024,ADMIN,12,2024
"CANULA P/TRAQUEOSTOMIA 8,5 C/BL UN",WELL LEAD MEDICAL,68,0,0,0,68,15.18,21.69,14.6,11/12/2024,ADMIN,12,2024
"CANULA P/TRAQUEOSTOMIA 5,0 S/BL UN",WELL LEAD,20,0,0,0,20,11.69,16.7,11.24,11/12/2024,ADMIN,12,2024
"SONDA ENDOTRAQUEAL C/BALAO N.4,5MM UN",WELL LEAD,117,0,0,0,117,3.37,4.81,3.24,11/12/2024,ADMIN,12,2024
"SONDA ENDOTRAQUEAL C/BALAO N.5,0MM UN",WELL LEAD,3,0,0,0,3,3.37,4.81,3.24,11/12/2024,ADMIN,12,2024
"SONDA ENDOTRAQUEAL C/BALAO N.6,0MM UN",WELL LEAD,5,0,0,0,5,3.37,4.81,3.24,11/12/2024,ADMIN,12,2024
"SONDA ENDOTRAQUEAL C/BALAO N.6,5MM UN",WELL LEAD,20,0,0,0,20,3.37,4.81,3.24,11/12/2024,ADMIN,12,2024
"SONDA ENDOTRAQUEAL S/BALAO N.2,0MM UN",WELL LEAD,20,0,0,0,20,2.47,3.53,2.38,11/12/2024,ADMIN,12,2024
"SONDA ENDOTRAQUEAL S/BALAO N.3,0MM UN",WELL LEAD,15,0,0,0,15,2.47,3.53,2.38,11/12/2024,ADMIN,12,2024
"SONDA ENDOTRAQUEAL S/BALAO N.4,0MM UN",WELL LEAD,20,0,0,0,20,2.47,3.53,2.38,11/12/2024,ADMIN,12,2024
"SONDA ENDOTRAQUEAL S/BALAO N.4,5MM UN",WELL LEAD,10,0,0,0,10,2.47,3.53,2.38,11/12/2024,ADMIN,12,2024
"SONDA ENDOTRAQUEAL S/BALAO N.5,5MM UN",WELL LEAD,20,0,0,0,20,2.47,3.53,2.38,11/12/2024,ADMIN,12,2024
"SONDA ENDOTRAQUEAL S/BALAO N.6,0MM UN",WELL LEAD,20,0,0,0,20,2.47,3.53,2.38,11/12/2024,ADMIN,12,2024
"CANULA P/TRAQUEOSTOMIA 4,5 C/BL UN",WELL LEAD,10,0,0,0,10,15.18,21.69,14.6,11/12/2024,ADMIN,12,2024
CANULA P/TRAQUEOSTOMIA 6.0 C/BL UN,WELL LEAD,7,0,0,0,7,15.18,21.69,14.6,11/12/2024,ADMIN,12,2024
CANULA P/TRAQUEOSTOMIA 8.0 C/BL UN,WELL LEAD,7,0,0,0,7,15.18,21.69,14.6,11/12/2024,ADMIN,12,2024
"CANULA P/TRAQUEOSTOMIA 3,0 S/BL UN",WELL LEAD,10,0,0,0,10,11.69,16.7,11.24,11/12/2024,ADMIN,12,2024
"CANULA P/TRAQUEOSTOMIA 6,0 S/BL UN",WELL LEAD,10,0,0,0,10,11.7,16.71,11.7,11/12/2024,ADMIN,12,2024
SONDA NASOGASTRICA LONGA N.06 UN,FOYOMED,202,0,0,0,202,0.96,1.36,0.92,11/12/2024,ADMIN,12,2024
SONDA NASOGASTRICA LONGA N.08 UN,FOYOMED,170,0,0,0,170,0.9,1.28,0.86,11/12/2024,ADMIN,12,2024
SONDA NASOGASTRICA LONGA N.14 UN,FOYOMED,20,0,0,0,20,0.93,1.32,0.89,11/12/2024,ADMIN,12,2024
FILTRO BACTERIANO HMEF NEONATAL C/TRAQUEIA UN,HISERN,50,0,0,0,50,9.87,14.1,9.0,11/12/2024,ADMIN,12,2024
DRENO SUCCAO TORAX PVC 34FR PC,FOYOMED,13,0,0,0,13,3.24,4.62,3.11,12/12/2024,ADMIN,12,2024
SERINGA DESC. 10ML C/AG 25X7 LUER SLIP UN,SR,4390,0,0,0,4390,0.26,0.38,0.25,12/12/2024,ADMIN,12,2024
SONDA ASP.S/FECH TRACH CARE 08FR NEO/PED UN,BIOTEC,99,0,0,0,99,47.66,68.08,45.76,12/12/2024,ADMIN,12,2024
DETERGENTE LIQUIDO VIC 1LT LT,VIC PHARMA,37,0,0,0,37,10.24,14.63,9.92,17/12/2024,ADMIN,12,2024
"SOL. CLORETO SODIO 0,9% 500ML FR",FARMACE,18,0,0,0,18,4.4,6.29,4.4,20/12/2024,ADMIN,12,2024
INFUSOR 2 VIAS C/CLAMP UN,TKL,5,0,0,0,5,0.56,0.8,0.52,02/01/2025,ADMIN,1,2025
ALMOTOLIA EM PE CAP 250 ML NATURAL BICO RETO PC,J PROLAB,2,0,0,0,2,4.17,5.96,4.17,02/01/2025,ADMIN,1,2025
"LUVA CIR. ESTERIL 7,5 UN",LEMGRUBER,22,0,0,0,22,1.47,2.1,1.47,02/01/2025,ADMIN,1,2025
"LUVA CIR. ESTERIL 7,5 UN",SANRO,7,0,0,0,7,1.35,1.93,1.35,03/01/2025,ADMIN,1,2025
PANTOPRAZOL 40MG C/28CPR SODICO SESQUI-HIDR CX,NOVA QUIMICA,5,0,0,0,5,11.48,16.4,0.0,06/01/2025,ADMIN,1,2025
ESOMEPRAZOL MAG TRI-HID 20MG C/28COMP CX,ASTRAZENECA DO BRASIL,1,0,0,0,1,65.24,93.2,65.24,06/01/2025,ADMIN,1,2025
LOSEC MUPS 10MG C/28 CPS CX,ASTRAZENECA DO BRASIL,1,0,0,0,1,287.84,411.18,287.84,06/01/2025,ADMIN,1,2025
ESOMEPRAZOL MAGNESICO 40MG UN,EMS S/A,1,0,0,0,1,66.92,95.6,66.92,06/01/2025,ADMIN,1,2025
BECLOMETASONA (CLENIL HFA 200MCG SPR 200 DOSES) CX,CHIESE,10,0,0,0,10,78.98,112.82,78.98,06/01/2025,ADMIN,1,2025
DIAMICRON MR (GLICLAZIDA 30MG) CPR CX,SERVIER DO BRASIL,384,0,0,0,384,49.2,70.28,49.2,06/01/2025,ADMIN,1,2025
LEVOTIROXINA SODICA 100 MCG GEN (G) C/30CP CX,MERCK SA,61,0,0,0,61,8.7,12.43,0.29,06/01/2025,YAGO,1,2025
DOMPERIDONA (EMS) 10MG 30COMP CX CX,EMS S/A,2,0,0,0,2,5.8,8.29,0.0,14/01/2025,YAGO,1,2025
ETNA C/50 CAPS CX CX,GROSS LABORATORIO SA,1,0,0,0,1,129.12,184.45,0.0,14/01/2025,YAGO,1,2025
FENERGAN CR 30G TB TB,SANOFI,2,0,0,0,2,20.65,29.5,0.0,14/01/2025,YAGO,1,2025
FLORATIL 200MG C/4 ENV CX CX,FARMOQUIMICA S A,7,0,0,0,7,31.76,45.36,0.0,14/01/2025,YAGO,1,2025
FLORATIL 200MG C/6 ENV CX CX,FARMOQUIMICA S A,3,0,0,0,3,41.44,59.2,0.0,14/01/2025,YAGO,1,2025
"CARVEDILOL (BIOLAB) 12,5MG C/3 CX CX",BIOLAB,2,0,0,0,2,3.5,5.0,0.0,14/01/2025,YAGO,1,2025
GAESO (ESOMEPRAZOL) 20MG 28CPR LP CPR,ACHE,84,0,0,0,84,2.64,3.77,0.0,14/01/2025,YAGO,1,2025
HYLO GEL SOL LUBRIF 10ML CX CX,URSA PHARMA,2,0,0,0,2,101.92,145.59,0.0,14/01/2025,YAGO,1,2025
LACTULONA XPE SALADA DE FRUTAS FR FR,DAIICHI SANKYO,9,0,0,0,9,50.63,72.33,0.0,14/01/2025,YAGO,1,2025
LUFTAL (SIMETICONA) GTS 15ML FR FR,RECKITT,2,0,0,0,2,22.36,31.94,0.0,14/01/2025,YAGO,1,2025
PANTOPRAZOL 40MG 28COMP CX CX,EUROFARMA,1,0,0,0,1,7.0,10.0,0.0,14/01/2025,YAGO,1,2025
PURAN T4 100MCG C/30 COMP CX CX,SANOFI,3,0,0,0,3,12.32,17.6,0.0,14/01/2025,YAGO,1,2025
PURAN T4 50MCG C/30 COMP CX CX,SANOFI,3,0,0,0,3,14.47,20.67,0.0,14/01/2025,YAGO,1,2025
OMEPRAZOL 20MG (NOVOPRAZOL) C/56 CAPS PT,GLOBO SA,1,0,0,0,1,6.0,8.57,0.56,14/01/2025,YAGO,1,2025
ATROPINA 1% COL 5ML UN,ALLERGAN FARMACEUTICAS,18,0,0,0,18,11.53,16.47,11.51,14/01/2025,YAGO,1,2025
OLMESARTANA 40MG+HIDROCLOROTIAZIDA 25MG (HOLMES H) CX,EUROFARMA,1,0,0,0,1,68.19,97.41,82.8,14/01/2025,YAGO,1,2025
PROLOPA 100/25MG CAPS DISP (LEVODOPA+CLOR BENSERAZIDA) CX,ROCHE,1,0,0,0,1,75.64,108.05,91.8,14/01/2025,YAGO,1,2025
PROLOPA BD 100/25MG (LEVODOPA+BENSERAIDA) CX,ROCHE,6,0,0,0,6,50.95,72.78,62.1,14/01/2025,YAGO,1,2025
LEVOTIROXINA SODICA 75MCG CX,MERCK SA,10,0,0,0,10,10.61,15.14,11.7,14/01/2025,YAGO,1,2025
HYABAK 0.15% SOL OFT 10ML UN,UNIAO QUIMICA,2,0,0,0,2,60.68,86.69,74.65,14/01/2025,YAGO,1,2025
SINVASTATINA 40MG. CX CX,CIMED,1,0,0,0,1,7.5,10.71,0.18,14/01/2025,YAGO,1,2025
TROMBOFOB GEL 40G BG,ABBOTT,1,0,0,0,1,26.8,38.28,32.53,14/01/2025,YAGO,1,2025
VENZER 16MG CPR C/30 CX,LIBBS FARMACEUTICA LTDA,1,0,0,0,1,66.66,95.22,81.0,14/01/2025,YAGO,1,2025
"NOVANLO 2,5MG (LEVANLODIPINO) CX C/30 CPR CX",BIOLAB,1,0,0,0,1,64.18,91.68,78.0,14/01/2025,YAGO,1,2025
OLMESARTANA MEDOXOMILA 20MG CPR (GEN) CX,TORRENT,1,0,0,0,1,24.45,34.93,21.3,14/01/2025,YAGO,1,2025
TREZETE ROSUVASTATINA CALCICA 10MG + EZETIMIBA 10MG CX,ACHE,1,0,0,0,1,77.69,110.98,91.2,14/01/2025,YAGO,1,2025
ATROVENT N 20MCG/DOSE 10ML FR,BOEHRINGER INGELHEIM,4,0,0,0,4,19.77,28.24,39.99,14/01/2025,YAGO,1,2025
MONTELUCASTE DE SODIO 5MG C/30 CPR MAST CX,BIOLAB,4,0,0,0,4,24.2,34.57,23.4,14/01/2025,YAGO,1,2025
GLIFAGE XR (METFORMINA) 500MG COMP CX,MERCK SA,4,2,0,0,2,8.45,12.08,11.4,15/01/2025,YAGO,1,2025
SOL. MANITOL 20% 250ML SF FR,EQUIPLEX,2836,2,0,0,2834,9.45,9.85,6.8,16/01/2025,YAGO,1,2025
ESPECULO VAG DESC. PEQUENO N/ESTERIL UN,KOLPLAST,162,0,0,0,162,1.2,1.72,1.4,17/01/2025,YAGO,1,2025
CEFALOTINA 1G (CEFARISTON) FR,BLAU,300,0,0,0,300,4.53,6.47,5.0,20/01/2025,YAGO,1,2025
LANCETA P/GLICEMIA 28G C/DISP SEG UN UN,ON CALL PLUS,100,0,0,0,100,0.13,0.18,13.3,22/01/2025,YAGO,1,2025
ESPECULO VAG DESC. MEDIO N/ESTERIL UN,ADLIN/KOLPLAST,551,0,0,0,551,1.4,2.0,1.46,22/01/2025,YAGO,1,2025
ITRACONAZOL (TRAXONOL) 100MG C/15CPR CX,VAREJAO DOS COMPRIMIDOS,72,0,0,0,72,13.96,19.94,5.15,22/01/2025,YAGO,1,2025
FITA MICROPORE 50MM X 10M BRANCO RL,MISSNER,22,0,0,0,22,4.9,7.0,5.23,22/01/2025,YAGO,1,2025
LACTULOSE 667MG/ML 120ML (LACTULIV) FR,LEGRAND BRASIL LTDA,35,0,0,0,35,11.31,16.16,10.79,22/01/2025,YAGO,1,2025
SONDA ASP.TRAQUEAL 10FR UN,MARKMED,10,0,0,0,10,0.66,0.94,0.72,22/01/2025,YAGO,1,2025
ELETRODO DESC. P/ECG ADULTO PC/50 PC,MAXICOR,1,0,0,0,1,14.64,20.91,0.23,22/01/2025,YAGO,1,2025
LACTULOSE AMEIXA 667MG/ML 120ML FRA FRA,NATULAB LABORATORIO SA,1,0,0,0,1,7.73,11.04,0.0,22/01/2025,YAGO,1,2025
MIDAZOLAM DORMIRE 5MG/ML 10ML AMP,CRISTALIA,100,0,0,0,100,9.25,13.21,9.2,22/01/2025,YAGO,1,2025
VANCOMICINA 500MG FA INJ FA,BLAU,20,0,0,0,20,3.89,5.56,4.89,23/01/2025,YAGO,1,2025
CEFAZOLINA 1G (FAZOLON) FR,BLAU,700,0,0,0,700,4.22,6.03,6.3,24/01/2025,YAGO,1,2025
SULFATO DE MAGNESIO 50% 10ML AMP,SAMTEC,400,200,0,0,200,5.85,8.36,0.0,24/01/2025,YAGO,1,2025
SULFATO DE MAGNESIO 10% 10ML AMP AMP,SAMTEC,3000,0,0,0,3000,0.99,1.41,0.99,24/01/2025,YAGO,1,2025
ADENOSINA 3MG/ML 2ML (GEN) AMP,HIPOLABOR,100,0,0,0,100,9.93,14.18,11.49,27/01/2025,YAGO,1,2025
SOL. GLICOSE 5% 250ML FR,FRESENIUS,54,0,0,0,54,4.39,6.27,5.3,27/01/2025,YAGO,1,2025
"SOL. CLORETO SODIO 0,9% 10ML UN",FARMARIN IND,6,0,0,0,6,0.2,0.28,0.2,27/01/2025,YAGO,1,2025
SCALP 23G UN,WILTEX,500,100,0,0,400,0.19,0.28,0.17,28/01/2025,YAGO,1,2025
LANCETA P/GLICEMIA 28G AUTOMATICA C/100 UN,WILTEX,600,0,0,0,600,0.1,0.15,9.4,28/01/2025,YAGO,1,2025
MASCARA TRAQUEOSTOMIA ADULTO UN,FOYOMED,20,0,0,0,20,3.64,5.21,2.4,28/01/2025,YAGO,1,2025
GUIA INTUBACAO (BOUGIE) 15 FR INFANTIL5.0MM PC,GCMEDICA,2,0,0,0,2,14.24,20.34,14.25,28/01/2025,YAGO,1,2025
ESCOVA CERVICAL GINEC. ESTERIL UN,CRALPLAST,82,0,0,0,82,0.37,0.52,36.61,28/01/2025,YAGO,1,2025
COBERTURA PARA OBITO G UN,ARAKEN,260,130,0,0,130,10.96,15.66,10.4,28/01/2025,YAGO,1,2025
AGUA OXIGENADA 10 VOL 100ML UN,VIC PHARMA,132,0,0,0,132,1.23,1.76,1.55,28/01/2025,YAGO,1,2025
SONDA ASP.TRAQUEAL 08FR UN,FOYOMED,550,0,0,0,550,0.7,1.0,0.55,28/01/2025,YAGO,1,2025
ABAIXADOR DE LINGUA MADEIRA C/100 UN PCT,THEOTO,453,1,0,0,452,5.19,7.41,0.05,28/01/2025,YAGO,1,2025
CLORO VIC 1% (HIPOCLORITO) 5000ML GL,VIC PHARMA,12,0,0,0,12,92.28,131.83,0.0,28/01/2025,YAGO,1,2025
CURATIVO BANDAGEM RL/500 BLOOD STOP RL,AMP SOLUÇÕES,19,0,0,0,19,14.23,20.32,0.0,28/01/2025,YAGO,1,2025
"FIO CATGUT CROMADO 2-0 C/AG. 1/2 CIRC. 4,0CM UN",SHALON,24,0,0,0,24,3.05,4.36,0.0,29/01/2025,YAGO,1,2025
"FIO ACID. POLIGLICOLICO (PGA) 3-0 70CM - 3/8CIRC. CIL3,0CM UN",SHALON,145,0,0,0,145,9.79,13.98,0.0,29/01/2025,YAGO,1,2025
FRALDA HIPOPO CALCA CONFORT BAG XXG C/48 PCT,CCM,3,0,0,0,3,57.9,82.71,0.0,07/02/2025,YAGO,2,2025
FRALDA PLENITUD R.INT CLASSIC G/XG C/16 PCT,PLENITUDE,5,0,0,0,5,41.57,59.38,0.0,07/02/2025,YAGO,2,2025
PAPEL GRAU CIRURGICO 150MM X 100MT UN,AMED S/A,11,0,0,0,11,49.92,71.31,47.05,07/02/2025,YAGO,2,2025
FRALDA DESC. GERIAT CONFORT G UN,ESSITY/TENA,36,0,0,0,36,2.61,3.73,3.24,07/02/2025,YAGO,2,2025
"COMPRESSA DE GAZE 7,5CMX7,5CM 11 FIOS C/05 (HERIKA) UN",AMED S/A,16803,0,0,0,16803,0.24,0.34,0.26,07/02/2025,YAGO,2,2025
"AGULHA DESC. 13 X 0,45MM UN",TKL,100,0,0,0,100,0.07,0.1,0.06,10/02/2025,YAGO,2,2025
NIMESULIDA 100MG C/12 CPR CX,LEGRAND BRASIL LTDA,2,1,0,0,1,1.58,2.26,0.0,10/02/2025,YAGO,2,2025
AZITROMICINA 500MG CPR (GEN) CPR,PRATI DONADUZZI,40,0,0,0,40,1.26,1.8,0.0,10/02/2025,YAGO,2,2025
SONDA NASOGASTRICA CURTA N.10 UN,MEDSONDA,100,0,0,0,100,0.47,0.67,0.0,11/02/2025,YAGO,2,2025
ALGODAO HIDROFILO 500G UN,NATHALYA,1,0,0,0,1,11.13,15.9,11.13,11/02/2025,YAGO,2,2025
SONDA NASOGASTRICA CURTA N.12 UN,MEDSONDA,100,0,0,0,100,0.5,0.71,0.0,11/02/2025,YAGO,2,2025
SONDA ASP.TRAQUEAL 10FR UN,MEDSONDA,25,0,0,0,25,0.47,0.68,0.0,11/02/2025,YAGO,2,2025
SONDA ASP.TRAQUEAL 08FR UN,MEDSONDA,325,0,0,0,325,0.46,0.66,0.0,11/02/2025,YAGO,2,2025
HALOPERIDOL 5MG/1ML (UNI HALOPER) (C1) AMP,UNIAO QUIMICA,550,200,0,0,350,1.62,2.31,2.7,11/02/2025,YAGO,2,2025
NITROGLICERINA (TRIDIL) 5MG/5ML UN,CRISTALIA,740,0,0,0,740,35.0,50.0,33.94,11/02/2025,YAGO,2,2025
"NEOSTIGMINA 0,5MG AMP 1ML (NORMASTIG) AMP",UNIAO QUIMICA,400,0,0,0,400,1.05,1.5,1.23,11/02/2025,YAGO,2,2025
"MORFINA (DIMORF) 0,1MG/1ML A1 AMP",CRISTALIA,350,0,0,0,350,3.1,4.43,3.85,11/02/2025,YAGO,2,2025
SONDA NASOGASTRICA CURTA N.14 UN,MEDSONDA,100,0,0,0,100,0.54,0.77,0.78,11/02/2025,YAGO,2,2025
ELETRODO DESC P/ ECG C/50 ADUL/PED PC,GLOMED,23,0,0,0,23,8.35,11.93,0.17,12/02/2025,YAGO,2,2025
LUVA VINIL S/PO M CX 100 CX,DESCARPACK,342,50,0,0,292,11.49,17.44,16.9,12/02/2025,YAGO,2,2025
LUVA VINIL S/PO P CX 100 CX,DESCARPACK,919,70,0,0,849,11.49,17.44,9.86,12/02/2025,YAGO,2,2025
LUVA DE PROCEDIMENTO.(PP) C/100 CX,OLIMED,13,0,0,0,13,19.35,27.64,18.5,12/02/2025,YAGO,2,2025
COLETOR PERFURO CORTANTE 07LT ECO UN,DESCARBOX,139,0,0,0,139,3.16,4.51,0.0,12/02/2025,YAGO,2,2025
SONDA URETRAL N.14 UN,CLP MEDICALS,30,0,0,0,30,0.7,1.01,0.0,13/02/2025,YAGO,2,2025
SONDA URETRAL N.14 UN,MARKMED,890,0,0,0,890,0.72,1.03,0.75,13/02/2025,YAGO,2,2025
SEVOFLURANO 100mL,BIOCHIMICO,25,0,0,0,25,190.77,272.52,0.0,17/02/2025,VALDEMAR,2,2025
EQUIPO MACROGOTAS COMPLETO LUER LOCK UN,LABOR IMPORT,20,0,0,0,20,1.18,1.68,0.78,18/02/2025,VALDEMAR,2,2025
DRENO DE PENROSE 2 [EST](S/GAZE) UN,MADEITEX,1,0,0,0,1,2.08,2.98,1.55,18/02/2025,VALDEMAR,2,2025
EQUIPO MACROGOTAS LUER SLIP COMPLETO UN,ABL-EXCELMED,325,300,0,0,25,1.04,1.49,1.08,19/02/2025,VALDEMAR,2,2025
TIRAS TESTE GLICOSE SANGUE (MEDISIGN) CX,CEPALAB,330,0,0,0,330,15.5,22.14,15.5,19/02/2025,VALDEMAR,2,2025
FIO NYLON 3-0 C/AG 20MM 3/8 C/24UND CX,MEDIX,335,0,0,332,3,33.65,48.07,0.0,20/02/2025,YAGO,2,2025
AMPICILINA 2G + SULBACTAM 1G FA,EUGIA PHARMA,2360,0,0,0,2360,9.64,13.77,11.73,20/02/2025,VALDEMAR,2,2025
CEFAZOLINA SODICA 1G FR,EUGIA PHARMA,100,0,0,0,100,4.05,5.79,6.3,20/02/2025,VALDEMAR,2,2025
AZITROMICINA PO SUSP 600MG UN,PHARLAB,9,0,0,0,9,12.69,18.13,12.79,21/02/2025,VALDEMAR,2,2025
SALBUTAMOL XAROPE 120ML (GEN) FR,PRATI DONADUZZI,150,0,0,0,150,4.84,6.92,2.5,21/02/2025,VALDEMAR,2,2025
METOCLOPRAMIDA INJ 10MG/2ML AMP,HALEX ISTAR,16,0,0,0,16,0.95,1.36,0.95,21/02/2025,VALDEMAR,2,2025
FLUCONAZOL 150MG CAPS (FLUCOL) CPS,BELFAR LTDA,10,0,0,0,10,0.66,0.95,0.68,21/02/2025,VALDEMAR,2,2025
PAPEL GRAU CIRURGICO 250MM X 100MT UN,AMED S/A,21,0,0,0,21,83.2,118.86,78.42,24/02/2025,VALDEMAR,2,2025
PAPEL GRAU CIRURGICO 200MM X 100MT UN,AMED S/A,1,0,0,0,1,66.57,95.09,62.74,24/02/2025,VALDEMAR,2,2025
"SOL. CLORETO SODIO 0,9% 10ML UN",EQUIPLEX,50,0,0,0,50,0.42,0.6,0.25,24/02/2025,YAGO,2,2025
PAPEL GRAU CIRURGICO 80MMX100M ROLO,AMED S/A,15,0,0,0,15,26.52,37.89,25.0,24/02/2025,VALDEMAR,2,2025
ETER ETILICO 35% (VIC REMOV) 1LT LT,VIC PHARMA,6,0,0,0,6,30.93,44.18,33.98,25/02/2025,VALDEMAR,2,2025
MUVINLAX - PO CX,LIBBS FARMACEUTICA LTDA,6,0,0,0,6,42.77,67.63,42.73,25/02/2025,YAGO,2,2025
BACLOFENO 10MG (BACLOFEN) CX,TEUTO,1,0,0,0,1,3.69,5.27,3.78,27/02/2025,VALDEMAR,2,2025
AGUA P/INJECAO 10ML AMP AMP,FARMARIN IND,200,0,0,0,200,0.22,0.31,0.21,27/02/2025,VALDEMAR,2,2025
FIO NYLON 3-0 C/AG 3/8 CIRC TRIA CX CX,DONATI FIOS CIRURGICOS,13,0,0,3,10,24.5,35.0,25.01,27/02/2025,VALDEMAR,2,2025
ESCITALOPRAM 20MG/ML GTS 15ML FR,GEOLAB,1,0,0,0,1,19.26,27.51,17.03,27/02/2025,VALDEMAR,2,2025
MEMANTINA 10MG REV UN,TEUTO,1,0,0,0,1,8.26,11.8,7.88,27/02/2025,VALDEMAR,2,2025
ESPECULO VAG DESC. PEQUENO N/ESTERIL UN,CRALPLAST,4360,100,0,0,4260,1.02,1.45,0.99,27/02/2025,YAGO,2,2025
SERINGA DESC. 10ML S/AG LUER SLIP UN,SR,67749,1500,0,0,66249,0.21,0.3,0.2,27/02/2025,YAGO,2,2025
FIXADOR CELULAR SPRAY 100ML- CRAL UN,CRALPLAST,33,0,0,0,33,8.53,12.19,7.77,27/02/2025,YAGO,2,2025
AZITROMICINA 500MG CPR,MEDQUIMICA,345,0,0,0,345,0.8,1.15,0.84,27/02/2025,VALDEMAR,2,2025
SERINGA DESC. 05ML S/AG LUER SLIP UN,SR,12922,11000,0,0,1922,0.13,0.19,0.13,27/02/2025,YAGO,2,2025
TRAZODONA 50MG CX C/60,TORRENT,1,0,0,0,1,21.23,30.33,20.99,27/02/2025,VALDEMAR,2,2025
PROPOFOL 10MG/20ML (PROPOVAN) FR/AMP,CRISTALIA,200,0,0,0,200,11.96,17.08,0.0,27/02/2025,VALDEMAR,2,2025
BACLOFENO 10MG C/ 30 CPD CX,TEUTO,1,0,0,0,1,3.77,5.39,0.0,27/02/2025,VALDEMAR,2,2025
"AGULHA DESC. C/ DISP. SEG. 40 X 1,20MM UN",LABOR IMPORT,100,0,1,0,99,0.31,0.44,0.0,27/02/2025,VALDEMAR,2,2025
FITA ADESIVA HOSP. 16MM X 50M UN,CIEX,913,40,0,0,873,2.73,3.9,0.0,27/02/2025,YAGO,2,2025
PINCA CHERRON N/ESTERIL DESC UN,CRALPLAST,2155,0,0,0,2155,1.51,2.16,0.0,27/02/2025,YAGO,2,2025
ZOLPIDEM 5MG C/ 30 CPD CX,NEO QUIMICA,1,0,0,0,1,19.61,28.01,0.0,27/02/2025,VALDEMAR,2,2025
AGUA P/INJECAO 10ML AMP UN,FARMACE,11400,5000,0,0,6400,0.21,0.3,0.22,27/02/2025,VALDEMAR,2,2025
SERINGA DESC. 03ML S/AG LUER SLIP UN,SR,1570,0,0,0,1570,0.11,0.15,0.1,27/02/2025,YAGO,2,2025
"FIO NYLON 4-0 C/AG. 3/8 CIRC .TRG. 3,0CM CX",DONATI FIOS CIRURGICOS,11,3,0,0,8,24.5,35.0,25.01,27/02/2025,VALDEMAR,2,2025
ESPECULO VAG DESC. MEDIO N/ESTERIL PC,CRALPLAST,3445,0,0,0,3445,1.07,1.52,1.0,27/02/2025,YAGO,2,2025
SCALP 21G C/ DISP. SEG UN,SAFER,4000,2100,0,0,1900,0.39,0.55,0.37,27/02/2025,YAGO,2,2025
SERINGA DESC. 10ML S/AG LUER LOCK UN,SR,31930,0,0,0,31930,0.21,0.3,0.2,27/02/2025,YAGO,2,2025
"FITA MICROPORE 2,5 CM X 10M RL",WILTEX,8,0,0,0,8,1.87,2.67,1.59,28/02/2025,VALDEMAR,2,2025
"SONDA ENDOTRAQUEAL C/BALAO N.7,5MM UN",WELL LEAD,721,0,0,0,721,3.51,5.01,3.36,28/02/2025,VALDEMAR,2,2025
COLETOR DE URINA ADT SF 2000ML UN,LABOR IMPORT,14,0,0,0,14,2.52,3.6,0.0,28/02/2025,VALDEMAR,2,2025
PORTA LAMINA P/CITOLOGIA CAP 3 LAMINAS UN,LABOR IMPORT,500,0,0,0,500,0.68,0.97,0.0,28/02/2025,VALDEMAR,2,2025
LUVA CIR. ESTERIL 7.5 UN,MEDIX,2020,1500,0,0,520,1.06,1.51,0.0,28/02/2025,VALDEMAR,2,2025
"LUVA CIR. ESTERIL 6,5 UN",MEDIX,20,0,0,0,20,1.06,1.51,0.0,28/02/2025,VALDEMAR,2,2025
"MASCARA LARINGEA DESC. SILICONE NR 2,5 UN",COMPER,3,0,0,0,3,48.18,68.82,0.0,07/03/2025,VALDEMAR,3,2025
CIPROFLOXACINO 2MG/ML 100ML BOL,FARMACE,190,0,0,0,190,9.85,14.07,9.34,07/03/2025,VALDEMAR,3,2025
"MASCARA LARINGEA DESC. SILICONE NR 1,5 UN",COMPER,3,0,0,0,3,48.18,68.82,55.0,07/03/2025,VALDEMAR,3,2025
"PIPERACILINA+TAZOBACTAM 4,5G FA FR",BIOCHIMICO,40,0,0,0,40,25.65,36.64,19.51,07/03/2025,VALDEMAR,3,2025
EXTENSOR CATETER INFUSAO LUER LOCK 40CM UN,TKL,40,0,0,0,40,0.57,0.81,0.48,07/03/2025,VALDEMAR,3,2025
PREDNISONA 20MG CPR (CRISPRED) - CRISTALIA CPR,CRISTALIA,1430,1000,0,0,430,0.42,0.6,0.42,10/03/2025,VALDEMAR,3,2025
ATENOLOL 25MG C/30 CPR (GEN) CX,VITAMEDIC,4,0,0,0,4,1.85,2.64,0.06,10/03/2025,YAGO,3,2025
HIDROCLOROTIAZIDA 25MG CPR CPR,CIMED,2010,0,0,0,2010,0.03,0.04,0.03,10/03/2025,YAGO,3,2025
SONDA P/NUTRICAO ENTERAL C/GUIA N.12 UN,MARKMED,5,0,0,0,5,8.96,12.8,9.5,10/03/2025,VALDEMAR,3,2025
"SOL. CLORETO SODIO 0,9% 500ML FR",FRESENIUS,177,0,0,0,177,5.5,7.86,5.5,10/03/2025,VALDEMAR,3,2025
SONDA URETRAL N.08 UN,MARKMED,180,130,0,0,50,0.6,0.85,0.62,10/03/2025,VALDEMAR,3,2025
PREDNISOLONA 3MG/ML 60ML GEN (G) FR,HIPOLABOR,29,0,0,0,29,5.4,7.71,4.16,10/03/2025,VALDEMAR,3,2025
"FLUMAZENIL 0,1MG/5ML AMP",UNIAO QUIMICA,145,80,0,0,65,8.35,11.93,8.35,10/03/2025,VALDEMAR,3,2025
CLOREXIDINA 2% DEGERMANTE 30ML FRS,VIC PHARMA,88,0,0,0,88,1.91,2.73,1.54,11/03/2025,YAGO,3,2025
IODOPOVIDONA SOL AQUOSA FR 100ML FR,VIC PHARMA,4,0,0,0,4,4.9,7.0,4.9,11/03/2025,YAGO,3,2025
"CLOREXIDINA 0,12% SOL.BUCAL 1000ML (CHLORDENT) FR",VIC PHARMA,109,32,0,0,77,19.5,27.86,19.84,11/03/2025,YAGO,3,2025
CLOPIDOGREL 75MG CP C/28 CX,EMS S/A,9,0,0,0,9,13.72,19.6,0.49,11/03/2025,YAGO,3,2025
AVENTAL IMPERMEAVEL REUTILIZAVEL - TYCHEM UN,TYCHEM,3,0,0,0,3,57.81,82.58,55.0,12/03/2025,YAGO,3,2025
"ALCOOL 99,3% ABSOLUTO 1LT UN",PROLINK,4,0,0,0,4,8.43,12.04,8.7,12/03/2025,YAGO,3,2025
CLOPIDOGREL 75MG C/28 CPR CX,SANDOZ,2,0,0,0,2,13.75,18.29,150.22,14/03/2025,YAGO,3,2025
"SOL. CLORETO SODIO 0,9% 100ML FR",FARMACE,20,0,0,0,20,3.7,5.29,2.9,14/03/2025,VALDEMAR,3,2025
SUXAMETONIO 100MG PO INJ (SUCCINIL COLIN) FR,UNIAO QUIMICA,20,0,0,0,20,22.0,31.43,17.54,14/03/2025,VALDEMAR,3,2025
LACRE CARRINHO DE PARADA LARANJA (ESPINHA DE PEIXE) C/100UN PC,SUPER SUPPLY,5,0,0,0,5,13.8,19.71,12.49,17/03/2025,VALDEMAR,3,2025
LACRE CARRINHO DE PARADA AZUL (ESPINHA DE PEIXE) C/100UN PC,SUPER SUPPLY,8,0,0,1,7,13.3,18.99,11.0,17/03/2025,VALDEMAR,3,2025
FRALDA DESC. GERIAT M C/08 PC PC,MAXI CONFORT,301,2,0,0,299,8.19,11.7,8.5,17/03/2025,VALDEMAR,3,2025
LACRE CARRINHO DE PARADA VERMELHA (ESPINHA DE PEIXE) C/100UN PC,SUPER SUPPLY,3,0,0,0,3,13.8,19.71,12.49,17/03/2025,YAGO,3,2025
FRALDA DESC. GERIAT G CONFORT CARE C/08 PC,MAXI CONFORT,290,0,0,0,290,8.19,11.7,11.95,17/03/2025,VALDEMAR,3,2025
LUVA DE PROCEDIMENTO.(G) C/100 CX CX,EMBRAST,950,760,0,0,190,18.02,25.74,17.2,17/03/2025,VALDEMAR,3,2025
SUXAMETONIO 100MG PO INJ F/A (SUCCITRAT) FR,BLAU,315,0,0,0,315,18.69,26.7,21.0,18/03/2025,VALDEMAR,3,2025
SONDA URETRAL N.12 UN,MARKMED,260,250,0,0,10,0.67,0.96,0.7,20/03/2025,VALDEMAR,3,2025
ELETRODO DESC. P/ECG ADULTO PCT,DESCARPACK,6,0,0,0,6,13.71,19.58,0.0,20/03/2025,YAGO,3,2025
SONDA ASP.TRAQUEAL 16FR UN,MARKMED,70,0,0,0,70,0.78,1.11,0.0,20/03/2025,VALDEMAR,3,2025
ROCURONIO 10MG/ML INJ FA 5ML CX C/25 (UNIREZ) CX,UNIAO QUIMICA,3,0,0,0,3,321.25,456.18,12.85,20/03/2025,YAGO,3,2025
FRASCO NUTRICAO ENTERAL 300ML UN,BIOBASE,1,0,0,0,1,0.92,1.32,0.96,20/03/2025,VALDEMAR,3,2025
"DESLANOSIDEO 0,2MG AMP 2ML (DESLANOL) AMP",UNIAO QUIMICA,150,100,0,0,50,2.25,3.21,2.24,20/03/2025,VALDEMAR,3,2025
"DIGOXINA 0,25MG (GEN) CX",TEUTO,8,0,0,0,8,2.31,3.32,3.6,21/03/2025,YAGO,3,2025
TAMPA VEDANTE LUER LOCK/SLIP UN,CREMER S.A,150,0,0,0,150,0.26,0.37,0.27,21/03/2025,VALDEMAR,3,2025
CLOPIDOGREL 75MG C/28 CPR,LEGRAND BRASIL LTDA,87,0,0,0,87,13.98,19.96,0.0,21/03/2025,YAGO,3,2025
PREDNISOLONA 20MG CPD,NEO QUIMICA,130,0,0,0,130,0.62,0.89,0.0,21/03/2025,VALDEMAR,3,2025
ESOMEPRAZOL 20MG (ESOP) C/28 CX,MULTILAB,5,0,0,0,5,22.44,32.06,0.0,21/03/2025,YAGO,3,2025
"CARVEDILOL 3,125MG C/30 CX",ZYDUS NIKKHO,3,0,0,0,3,3.34,4.77,0.75,21/03/2025,YAGO,3,2025
SULFADIAZINA DE PRATA 1% 50G BG,NATIVITA,68,60,0,0,8,7.25,10.36,7.25,21/03/2025,VALDEMAR,3,2025
SONDA NASOGASTRICA LONGA N.16 UN,MARKMED,60,0,0,0,60,1.15,1.64,1.2,21/03/2025,VALDEMAR,3,2025
SONDA P/NUTRICAO ENTERAL C/GUIA N.12 UN,EMBRAMED,104,80,0,0,24,9.68,13.83,9.2,24/03/2025,YAGO,3,2025
MASCARA LARINGEA DESC. SILICONE NR 3 UN,WELL LEAD MEDICAL,10,0,0,0,10,16.21,23.15,15.1,24/03/2025,YAGO,3,2025
ESPECULO VAG DESC. MEDIO ESTERIL UN,CRALPLAST,840,0,0,0,840,1.27,1.82,1.22,24/03/2025,YAGO,3,2025
"AGULHA DESC. 13 X 0,45MM UN",WILTEX,60100,0,0,0,60100,0.05,0.08,0.05,24/03/2025,YAGO,3,2025
SCALP 19G UN,SAFER,2800,0,0,0,2800,0.2,0.29,0.18,24/03/2025,YAGO,3,2025
"MANTA P/ESTERIL (WRAPS) LEVE SSMMS 0,50X0,50 PT/50 PT",HNDESC,7,0,0,0,7,22.76,32.51,22.3,24/03/2025,YAGO,3,2025
"SONDA ENDOTRAQUEAL C/BALAO N.8,5MM UN",WELL LEAD MEDICAL,47,0,0,0,47,3.47,4.96,0.0,24/03/2025,YAGO,3,2025
SONDA URETRAL N.14 UN,FOYOMED,950,160,0,0,790,0.55,0.79,0.55,24/03/2025,YAGO,3,2025
LENCOL HOSPITALAR 70CM X 50MT C/06ROL PREMIUM PCT FARDO,PERFIL COMER. DE PAPEL,13,0,0,0,13,57.81,85.56,0.0,24/03/2025,VALDEMAR,3,2025
VARFARINA SODICA 5 MG CP (G) C/30CPR CX,TEUTO,6,0,0,0,6,4.06,5.8,0.0,24/03/2025,YAGO,3,2025
"SONDA ENDOTRAQUEAL C/BALAO N.9,0MM UN",WELL LEAD,7,0,0,0,7,3.47,4.96,0.0,24/03/2025,YAGO,3,2025
"SONDA ENDOTRAQUEAL C/BALAO N.9,5MM UN",WELL LEAD,7,0,0,0,7,3.47,4.96,0.0,24/03/2025,YAGO,3,2025
"SONDA ENDOTRAQUEAL S/BALAO N.3,5MM UN",WELL LEAD,15,0,0,0,15,2.55,3.64,0.0,24/03/2025,YAGO,3,2025
MASCARA LARINGEA DESC. SILICONE NR 4 UN,WELL LEAD,10,0,0,0,10,16.21,23.15,0.0,24/03/2025,YAGO,3,2025
"SONDA ENDOTRAQUEAL S/BALAO N.5,0MM UN",WELL LEAD,20,0,0,0,20,2.55,3.64,0.0,24/03/2025,YAGO,3,2025
ELETRODO ECG PEDIATRICO PACOTE C/ 50 UNIDADES UN,POLYMED,2450,50,0,0,2400,0.29,0.42,0.28,24/03/2025,YAGO,3,2025
MASCARA LARINGEA DESC. SILICONE NR 5 UN,WELL LEAD MEDICAL,10,5,0,0,5,17.37,24.81,29.76,24/03/2025,YAGO,3,2025
SERINGA DESC. 01ML S/AG LUER SLIP UN,SR,6905,0,0,0,6905,0.1,0.15,0.08,24/03/2025,YAGO,3,2025
SONDA URETRAL N.08 UN,FOYOMED,560,0,0,0,560,0.53,0.76,0.49,24/03/2025,YAGO,3,2025
"MANTA P/ESTERIL (WRAPS) LEVE SSMMS 1,00X1,00 PT/50 PC",HNDESC,3,0,0,0,3,61.26,87.51,57.75,24/03/2025,YAGO,3,2025
COMPLEXO POLIVITAMINICO B 2ML (HYPLEX B) AMP,HYPOFARMA,7110,1200,0,0,5910,1.0,1.43,1.25,26/03/2025,VALDEMAR,3,2025
AVENTAL DESC.SEM MANGA SOFT 30GR UN,BELIFE,340,0,0,0,340,0.82,1.17,0.0,26/03/2025,VALDEMAR,3,2025
"LENCOL DESC.S/ELASTICO 2,00M X 0,90CM UN",LUKTEX HOSPITALAR,25,0,0,0,25,1.63,2.33,0.0,26/03/2025,VALDEMAR,3,2025
AVENTAL DESC. MANGA LONGA SOFT 40GR UN,BE LIFE LTDA,500,0,0,0,500,1.69,2.41,2.2,26/03/2025,VALDEMAR,3,2025
VASOPRESSINA 20 U/ML 1ML (ENCRISE) AMP,BIOLAB,160,0,0,0,160,27.87,39.81,37.7,27/03/2025,VALDEMAR,3,2025
CIMETIDINA 150MG/ML 2ML (HYCIMET) AMP,HYPOFARMA,101,0,0,0,101,1.04,1.49,1.02,27/03/2025,VALDEMAR,3,2025
"DOBUTAMINA 12,5MG 20ML (GEN) AMP",HYPOFARMA,50,0,0,0,50,5.6,8.0,6.8,27/03/2025,VALDEMAR,3,2025
DOPAMINA 5MG/ML 10ML (DOPACRIS) AMP,CRISTALIA,500,0,0,0,500,3.99,5.7,0.0,27/03/2025,VALDEMAR,3,2025
AZITROMICINA 500MG COMP (AZITROPHAR ) CPR,PHARLAB,1150,0,0,0,1150,0.85,1.21,0.0,27/03/2025,VALDEMAR,3,2025
SULFADIAZINA DE PRATA 1% 30G (GEN) BG,NATIVITA,337,41,0,0,296,4.95,7.07,5.5,27/03/2025,VALDEMAR,3,2025
ROCURONIO 10MG/ML 5ML F/A GEN UN,VOLPHARMA FARMACEUTICA,80,50,0,0,30,10.9,15.57,10.19,27/03/2025,VALDEMAR,3,2025
POLIMIXINA B 5000UI FA (GEN) AMP,BLAU,200,0,0,0,200,13.8,19.71,12.78,27/03/2025,VALDEMAR,3,2025
CENEVIT 1G EFERV C/10 COMP CPR,LEGRAND BRASIL LTDA,15,0,0,0,15,0.45,0.65,0.0,28/03/2025,YAGO,3,2025
DIPIRONA MONOID (MAXALGINA) 1G C/10 CPR,NATULAB LABORATORIO SA,1,0,0,0,1,6.78,9.68,0.0,28/03/2025,YAGO,3,2025
SACO P/ LIXO INFECTANTE 100LT UN,DESCARBOX,100,0,0,0,100,0.44,0.62,0.0,28/03/2025,YAGO,3,2025
NISTATINA SUSP. 100.000UI/50ML (GEN) FR,TEUTO,150,0,0,0,150,8.6,12.29,0.0,28/03/2025,YAGO,3,2025
SOL. GLICOSE 5% 250ML FR,EQUIPLEX,128,0,0,0,128,4.6,6.57,0.0,28/03/2025,VALDEMAR,3,2025
PREDNISONA 20MG CPR CPR,NEO QUIMICA,260,0,0,0,260,0.18,0.26,1.14,28/03/2025,VALDEMAR,3,2025
ISOFLURANO 240ML INALANTE (GEN) C1 FR,BIOCHIMICO,4,0,0,0,4,394.0,562.83,0.0,28/03/2025,VALDEMAR,3,2025
CAMPO OPERATORIO 25CMX28CM. (DIONE) RL,AMED S/A,200,0,0,0,200,5.68,8.12,4.21,28/03/2025,VALDEMAR,3,2025
"ATADURA CREPOM 15CM X 1,8M 13 FIOS JADE UN",AMED S/A,24,0,0,0,24,0.6,0.86,0.62,28/03/2025,YAGO,3,2025
FENITOINA 50MG/ML AMP 5ML UN,HIPOLABOR,300,200,0,0,100,2.92,4.17,3.3,28/03/2025,VALDEMAR,3,2025
VITAMINA K 10MG/ML 1ML (HYVIT) IM/SUB(+) AMP,HYPOFARMA,2500,350,0,0,2150,2.6,3.71,2.8,28/03/2025,VALDEMAR,3,2025
LAMINA DE BISTURI N.24 UN,MEDIX,200,0,0,0,200,0.26,0.37,0.27,28/03/2025,YAGO,3,2025
"COMPRESSA DE GAZE 7,5CMX7,5CM 09 FIOS C/500 REBECCA PC",AMED S/A,26,0,0,0,26,18.6,26.56,13.52,31/03/2025,YAGO,3,2025
ALBENDAZOL 40MG/ML 10ML - ALBEL UN,GEOLAB,15,0,0,0,15,1.05,1.5,1.05,31/03/2025,YAGO,3,2025
LIXEIRA PEDAL BRALIMPIA 100LTS BRANCA UN,SUPER SUPPLY,5,0,0,0,5,269.8,385.41,0.0,31/03/2025,YAGO,3,2025
"FLUMAZENIL 0,1MG/5ML AMP C1 (LENAZEN) AMP",TEUTO,620,0,0,0,620,5.2,7.43,0.0,31/03/2025,YAGO,3,2025
MATERIAL DE USO E CONSUMO UN,MATERIAL CONSUMO,1,0,0,0,1,1081.67,1118.03,98.0,31/03/2025,YAGO,3,2025
SONDA NASOGASTRICA LONGA N.18 UN,CPL,150,0,0,0,150,2.26,3.23,0.0,01/04/2025,YAGO,4,2025
IODOPOVIDONA SOL AQUOSA 10% LT,VIC PHARMA,12,0,0,0,12,35.7,51.0,3.23,01/04/2025,YAGO,4,2025
IODOPOVIDONA C/TENSOATIVOS 10% 1LT LT,VIC PHARMA,23,0,0,0,23,35.9,51.28,25.9,01/04/2025,YAGO,4,2025
DISPOSITIVO INCONTINENCIA URINARIA MASCULINO (UROPEN) UN,MEDSONDA,2740,2660,0,0,80,1.13,1.55,1.12,02/04/2025,YAGO,4,2025
FENTANILA 50MCG/10ML(GEN) A1 AMP,HIPOLABOR,7850,1300,0,50,6500,3.2,4.57,3.2,02/04/2025,YAGO,4,2025
BUTIL ESCOP. SIMPLES 20MG/ML (GEN) 1ML UN,HYPOFARMA,7750,4200,0,0,3550,1.3,1.86,1.05,02/04/2025,YAGO,4,2025
EXTENSOR CATETER INFUSAO L.SLIP 20CM UN,MEDSONDA,1,0,0,0,1,0.82,1.23,0.81,02/04/2025,YAGO,4,2025
LAMINA P.FOSCA MICROSC. 25X76 NAO LAPID CX,WILTEX,17,0,0,0,17,4.78,6.83,0.0,03/04/2025,YAGO,4,2025
CIPROFLOXACINO 2MG/ML 100ML (HIFLOXAN) BOL,HALEX ISTAR,113,80,0,0,33,7.89,11.27,0.0,03/04/2025,YAGO,4,2025
EXTENSAO P/ SISTEMA ASPIRACAO CONEC ELAST 2M ASP.VAC UN,CREMER S.A,170,100,0,0,70,5.26,7.51,0.0,03/04/2025,YAGO,4,2025
"AGULHA DESC. 30 X 0,80MM UN",WILTEX,19600,0,0,0,19600,0.05,0.07,0.0,03/04/2025,YAGO,4,2025
"CARVEDILOL 6,25MG. CPR",EMS S/A,90,0,0,0,90,0.08,0.11,0.13,03/04/2025,YAGO,4,2025
FLUCONAZOL 150MG (GEN) CPS,MEDQUIMICA,1458,30,0,0,1428,0.45,0.64,0.45,03/04/2025,YAGO,4,2025
ETILEFRINA 10MG (ETILEFRIL) 1ML AMP,UNIAO QUIMICA,46,36,0,0,10,2.33,3.33,1.84,03/04/2025,YAGO,4,2025
HIDRALAZINA 20MG/1ML (NEPRESOL) AMP,CRISTALIA,4150,900,0,0,3250,5.99,8.56,7.2,03/04/2025,YAGO,4,2025
TAMPA VEDANTE LUER LOCK/SLIP UN,WILTEX,132600,5000,0,0,127600,0.15,0.21,0.15,03/04/2025,YAGO,4,2025
"CARVEDILOL 3,125MG. CPR",EMS S/A,840,210,0,0,630,0.09,0.12,0.14,03/04/2025,YAGO,4,2025
ACIDO ACETILSALICILICO 100MG CPR (SALICETIL) CPR,BRASTERAPICA,1530,800,0,0,730,0.03,0.04,0.04,04/04/2025,YAGO,4,2025
AMIODARONA 50MG/ML 3ML AMP,HIPOLABOR,4400,2900,0,0,1500,3.08,4.4,3.75,04/04/2025,YAGO,4,2025
"IPRATROPIO 0,25MG/ML GTS (GEN) FR",HIPOLABOR,403,180,0,0,223,0.93,1.33,1.26,04/04/2025,YAGO,4,2025
METOCLOPRAMIDA INJ 10MG/2ML AMP,FARMACE,2700,2600,0,0,100,0.59,0.84,0.91,04/04/2025,YAGO,4,2025
DIPIRONA MONOIDRATADA 500MG/ML 2ML (DIPIFARMA) AMP,FARMACE,1500,1300,0,0,200,0.59,0.84,0.6,04/04/2025,YAGO,4,2025
ACIDO TRANEXAMICO 250MG/ML AMP 5ML (GEN) AMP,HIPOLABOR,3300,2400,0,0,900,3.6,5.14,3.6,04/04/2025,YAGO,4,2025
"SOL. CLORETO SODIO 0,9% 1000ML FR",FRESENIUS,404,400,0,0,4,8.5,12.14,8.13,04/04/2025,YAGO,4,2025
MASCARA DESC. TRIPLA C/CLIP (ECO) PCT,FORT HEALTHFORT HEALTH,1172,0,0,0,1172,2.41,3.44,100.0,04/04/2025,YAGO,4,2025
SUPOSIT. GLICERINA ADULTO (GLICERILAX) UN,BELFAR LTDA,38,30,0,0,8,8.31,11.78,0.93,07/04/2025,YAGO,4,2025
MOVINAU (BROMOPRIDA)40MG GTS 20ML FR,NATULAB LABORATORIO SA,165,100,0,0,65,4.08,5.77,0.0,07/04/2025,YAGO,4,2025
OLEO DE GIRASSOL 100ML (MOPH DERME) FR,FRANCEFARMA,75,55,0,0,20,4.62,6.56,3.19,07/04/2025,YAGO,4,2025
CAMPO OPERATORIO 25X28 20G C/05 C/FIO DE RX (VITORIA) UN,AMED S/A,3851,3850,0,0,1,5.77,8.24,5.99,07/04/2025,YAGO,4,2025
OMEPRAZOL 20MG (LOZEPREL) C/56 CX,MULTILAB,1,0,0,0,1,4.7,6.66,3.94,07/04/2025,YAGO,4,2025
DRENO P/SUCCAO SANFONADO 6.4 500ML UN,WILTEX,20,0,0,0,20,18.93,27.05,20.1,09/04/2025,YAGO,4,2025
DRENO SUCCAO TORAX PVC 32FR UN,FOYOMED,31,0,0,0,31,3.5,5.0,3.17,09/04/2025,YAGO,4,2025
COLETOR UNIVERSAL 50ML S/PA ESTERIL TAMPA VERMELHA UN,CRALPLAST,270,0,0,0,270,0.28,0.4,0.28,09/04/2025,YAGO,4,2025
SONDA NASOGASTRICA LONGA N.16 UN,FOYOMED,580,210,0,0,370,0.9,1.28,0.9,09/04/2025,YAGO,4,2025
SONDA NASOGASTRICA LONGA N.18 UN,FOYOMED,790,200,0,0,590,1.16,1.66,1.17,09/04/2025,YAGO,4,2025
DRENO SUCCAO TORAX PVC 24FR UN,FOYOMED,11,0,0,0,11,3.21,4.58,5.5,09/04/2025,YAGO,4,2025
DRENO SUCCAO TORAX PVC 28FR UN,FOYOMED,34,0,0,0,34,3.5,5.0,5.5,09/04/2025,YAGO,4,2025
SONDA ASP.S/FECH TRACH CARE 12FR UN,BIOTEC,150,145,0,0,5,26.76,38.23,20.0,09/04/2025,YAGO,4,2025
ALMOTOLIA EM PE CAP 500 ML AMBAR BICO RETO UN,BIOMEDICAL,72,0,0,0,72,2.47,3.53,0.0,09/04/2025,YAGO,4,2025
DRENO P/SUCCAO SANFONADO 4.8MM UN,WILTEX,20,0,0,0,20,18.93,27.05,0.0,09/04/2025,YAGO,4,2025
DRENO P/SUCCAO SANFONADO 3.2MM 500ML UN,WILTEX,18,0,0,0,18,18.93,27.05,0.0,09/04/2025,YAGO,4,2025
AMOX+CLAV 400+57MG/5ML 70ML (GEN) un,EUROFARMA,5,0,0,0,5,17.59,25.13,0.0,09/04/2025,YAGO,4,2025
DRENO SUCCAO TORAX PVC 22FR UN,BIOMEDICAL,15,0,0,0,15,3.21,4.58,7.0,09/04/2025,YAGO,4,2025
SONDA ASP.S/FECH TRACH CARE 16FR UN,BIOTEC,65,0,0,0,65,26.76,38.23,0.0,09/04/2025,YAGO,4,2025
ESPATULA DE AYRES C/100UND. PC,THEOTO,170,0,0,0,170,9.91,14.16,10.24,09/04/2025,YAGO,4,2025
COLETOR UNIVERSAL 80ML S/PA ESTERIL TAMPA VERMELHA UN,CRALPLAST,1864,444,0,0,1420,0.35,0.5,0.35,09/04/2025,YAGO,4,2025
"SOL. CLORETO SODIO 0,9% 500ML FR",FARMARIN IND,20174,8280,0,0,11894,4.45,6.36,4.4,10/04/2025,YAGO,4,2025
ACIDO GRAXOS 200ML (DERMAEX) FR,NUTRIEX,3567,3478,0,0,89,4.3,6.14,6.2,10/04/2025,YAGO,4,2025
FITA ADESIVA HOSP. 19MM X 50M BRANCA RL,MISSNER,40,0,0,0,40,4.48,6.4,4.6,11/04/2025,YAGO,4,2025
CARVAO VEGETAL ATIVADO EM PO 100G SCH,RELVA VERDE LTDA,157,150,0,0,7,4.03,5.76,3.43,11/04/2025,YAGO,4,2025
FRASCO P/DRENAGEM MEDIASTINAL 2000ML UN,3P MEDICAL,38,0,0,0,38,26.02,37.17,19.72,11/04/2025,YAGO,4,2025
DESLORATADINA XPE C/60ML FR FRA,BIOSINTETICA,9,1,0,0,8,7.67,10.96,0.0,14/04/2025,YAGO,4,2025
SONDA ASP.TRAQUEAL 06FR UN,BIOBASE,160,80,0,0,80,0.53,0.76,0.59,15/04/2025,YAGO,4,2025
"ETIQUETAS ADES AMARELA EM BOPP FOSCO 25X279,6MM- PULSEIRAS AMARE RL",MM ROTULOS E ETIQUETAS,20968,0,0,0,20968,0.21,0.3,0.19,15/04/2025,YAGO,4,2025
AVENTAL DESC. MANGA LONGA ABERTO GMA-40 UN,LUKTEX DESCARTAVEIS,701,600,0,0,101,2.23,2.23,1.7,15/04/2025,YAGO,4,2025
LANCETA P/GLICEMIA 28G C/DISP SEG C/100 CX,CEPALAB,1661,1400,0,0,261,9.64,13.76,0.09,15/04/2025,YAGO,4,2025
MIDAZOLAM 1MG/5ML (GEN) B1 AMP,HIPOLABOR,280,0,0,80,200,2.97,4.24,2.8,15/04/2025,YAGO,4,2025
LIDOCAINA 2% GEL 30G (LIDOGEL) BG,NEO QUIMICA,4,0,0,0,4,6.59,9.41,5.85,15/04/2025,YAGO,4,2025
HIDROXIDO FERRICO 20MG/ML 5ML (FERROPURUM) AMP CX C/5,BLAU,120,0,0,0,120,11.4,16.28,11.79,16/04/2025,YAGO,4,2025
METRONIDAZOL 250MG (GEN) CPR,PRATI DONADUZZI,240,200,0,0,40,0.21,0.3,0.23,16/04/2025,YAGO,4,2025
DIAZEPAM 10MG CPR CX C/30,MULTILAB,1750,1020,0,0,730,0.13,0.19,0.25,16/04/2025,YAGO,4,2025
SOL. RINGER C/ LACTATO 500ML FR,FARMACE,63,60,1,0,2,7.55,10.79,7.4,16/04/2025,YAGO,4,2025
LUVA NITRILICA S/PO AZUL M CX 100 CX,EMBRAST,11,0,0,0,11,23.71,33.87,25.5,16/04/2025,YAGO,4,2025
CARVEDILOL 25MG C/30 (CARDBET) CX,MULTILAB,31,24,0,0,7,7.44,7.44,0.0,16/04/2025,YAGO,4,2025
NIMESULIDA 100MG GEN C/12CPR (GEN) CX,VITAMEDIC,5,0,0,0,5,1.7,1.7,0.0,16/04/2025,YAGO,4,2025
CARVEDILOL 25MG C/30 CPR (GEN) CX,LEGRAND BRASIL LTDA,26,0,0,0,26,7.72,11.02,0.0,16/04/2025,YAGO,4,2025
SONDA FOLEY 3 VIAS N.16 30CC UN,MEDIX,50,30,0,0,20,4.48,6.4,0.0,16/04/2025,YAGO,4,2025
SIMETICONA 75MG/ML GTS 15ML FR,PRATI DONADUZZI,7,0,0,0,7,3.0,4.29,0.0,16/04/2025,YAGO,4,2025
LIDOICAINA 2% GEL 30G (XYLESTESIN) UN,CRISTALIA,80,0,0,0,80,10.64,15.2,8.37,16/04/2025,YAGO,4,2025
EQUIPO NUTRICAO ENTERAL UN,ABL-EXCELMED,75,0,0,0,75,1.05,1.5,0.0,16/04/2025,YAGO,4,2025
EQUIPO NUTRICAO ENTERAL PONTA ESCALONADO 150CM UN,TKL,125,100,0,0,25,1.05,1.5,1.09,16/04/2025,YAGO,4,2025
ADRENALINA AMP 1ML (EPINEFRINA) AMP,HIPOLABOR,100,0,0,0,100,1.19,1.7,0.85,16/04/2025,YAGO,4,2025
METRONIDAZOL 5MG/ML INJ 100ML BL,HALEX ISTAR,40,0,0,0,40,5.4,7.71,0.0,16/04/2025,YAGO,4,2025
AGUA P/INJECAO 500ML FR,FRESENIUS,170,120,0,0,50,6.45,9.21,5.65,16/04/2025,YAGO,4,2025
"SOL. CLORETO SODIO 0,9% 100ML FR",FARMARIN IND,13855,11890,0,0,1965,2.95,4.21,2.95,23/04/2025,YAGO,4,2025
"SOL. CLORETO SODIO 0,9% 500ML FR",EQUIPLEX,5569,0,0,0,5569,4.6,6.57,4.4,23/04/2025,YAGO,4,2025
"LUVA CIR. ESTERIL 8,0 UN",ABL-EXCELMED,13,0,0,0,13,1.39,1.99,1.36,24/04/2025,YAGO,4,2025
SERINGA DESC. 20ML S/AG LUER SLIP UN,ABL-EXCELMED,1,0,0,0,1,0.41,0.59,0.41,24/04/2025,YAGO,4,2025
AGULHA RAQ QUINCK 27GX3 1/2 90X04 C/ INTROD UN,KDL,325,0,0,0,325,3.81,5.44,3.94,25/04/2025,YAGO,4,2025
"SONDA ENDOTRAQUEAL C/BALAO N.2,5MM UN",WELL LEAD,31,3,0,0,28,3.39,4.84,3.24,25/04/2025,YAGO,4,2025
"ESPARADRAPO 10CM X 4,5M UN",WILTEX,188,120,0,0,68,6.43,9.18,6.73,25/04/2025,YAGO,4,2025
NISTATINA + OXIDO DE ZINCO 60G (GEN) BG,NOVA QUIMICA,20,1,0,0,19,10.98,15.68,27.25,25/04/2025,YAGO,4,2025
EXTENSAO P/ ASPIRACAO 2 MTS UN,3P MEDICAL,500,200,0,0,300,2.49,3.56,3.65,25/04/2025,YAGO,4,2025
SCALP 25G UN,SAFER,4100,0,0,0,4100,0.18,0.26,0.17,25/04/2025,YAGO,4,2025
"FITA MICROPORE 10CM X 4,5M RL",WILTEX,774,0,0,0,774,4.26,6.09,3.5,25/04/2025,YAGO,4,2025
CATETER INTRAVENOSO C/DISP SEG 22G. UN,POLYMED,9100,2000,0,0,7100,1.69,2.42,1.68,25/04/2025,YAGO,4,2025
CATETER INTRAVENOSO C/DISP SEG 18G. UN,POLYMED,9500,600,0,0,8900,1.69,2.42,1.4,25/04/2025,YAGO,4,2025
SONDA ASP.TRAQUEAL 16FR UN,FOYOMED,1290,300,0,0,990,0.66,0.95,0.68,25/04/2025,YAGO,4,2025
SONDA ASP.TRAQUEAL 18FR UN,FOYOMED,739,40,0,0,699,0.68,0.97,0.8,25/04/2025,YAGO,4,2025
SONDA NASOGASTRICA CURTA N.08 UN,FOYOMED,115,0,0,0,115,0.55,0.79,0.46,25/04/2025,YAGO,4,2025
SONDA ASP.TRAQUEAL 06FR UN,FOYOMED,440,0,0,0,440,0.6,0.85,0.58,25/04/2025,YAGO,4,2025
"AGULHA RAQ QUINCK 26GX3 1/2 90X4,5 UN",UNIEVER UNISIS,25,0,0,0,25,6.14,8.77,0.0,25/04/2025,YAGO,4,2025
"AGULHA DESC. C/ DISP. SEG. 30 X 0,80MM UN",WILTEX,23000,7000,0,0,16000,0.18,0.26,0.0,25/04/2025,YAGO,4,2025
CATETER INTRAVENOSO 16G. UN,POLYMED,3500,0,0,0,3500,0.59,0.84,0.0,25/04/2025,YAGO,4,2025
SONDA ASP.TRAQUEAL 10FR UN,FOYOMED,1390,0,0,0,1390,0.6,0.85,0.0,25/04/2025,YAGO,4,2025
SCALP 25G C/ DISP. SEG UN,WILTEX,2500,0,0,0,2500,0.32,0.46,0.0,25/04/2025,YAGO,4,2025
SCALP 27G C/ DISP. SEG UN,WILTEX,3700,0,0,0,3700,0.32,0.46,0.0,25/04/2025,YAGO,4,2025
SONDA FOLEY 3 VIAS N.16 30CC UN,WELL LEAD,210,0,0,0,210,3.16,4.52,0.0,25/04/2025,YAGO,4,2025
SONDA URETRAL N.16 UN,FOYOMED,210,0,0,0,210,0.55,0.78,0.0,25/04/2025,YAGO,4,2025
TORNEIRA DE 3 VIAS C/LUER SLIP UN,POLYMED,800,400,0,0,400,0.73,1.05,0.0,25/04/2025,YAGO,4,2025
ALMOTOLIA EM PE CAP 250 ML AMBAR BICO RETO UN,BIOMEDICAL,100,0,0,0,100,2.24,3.2,0.0,25/04/2025,YAGO,4,2025
ATENOPRESS (ATENOLOL)50MG CX 30 UND,SANDOZ,2,0,0,0,2,3.22,4.59,12.55,25/04/2025,YAGO,4,2025
ACETILCISTEINA (CISTEIL) 600MG C/16 UND,GEOLAB,10,1,0,0,9,19.85,28.35,55.59,25/04/2025,YAGO,4,2025
"AGULHA DESC. 25 X 0,80MM UN",WILTEX,15100,800,0,0,14300,0.06,0.08,0.05,25/04/2025,YAGO,4,2025
SUPRILAG UL C/10ML LEBON UND,LEBON,2,0,0,0,2,11.22,16.02,15.6,25/04/2025,YAGO,4,2025
"AGULHA DESC. C/ DISP. SEG. 25 X 0,70MM UND",WILTEX,100,0,0,0,100,0.18,0.26,0.3,25/04/2025,YAGO,4,2025
SONDA ASP.TRAQUEAL 14FR UN,FOYOMED,1530,300,0,0,1230,0.6,0.85,0.66,25/04/2025,YAGO,4,2025
NIFEDIPINO 20MG (NEO FEDIPINA) C/30 CX,NEO QUIMICA,11,0,0,0,11,4.2,6.0,29.25,25/04/2025,YAGO,4,2025
LAMINA DE BISTURI N.11 C/100 CX,STERILANCE,44,0,0,0,44,21.91,31.3,0.21,25/04/2025,YAGO,4,2025
LAMINA DE BISTURI N.21 UN,STERILANCE,58600,100,0,0,58500,0.22,0.31,0.21,25/04/2025,YAGO,4,2025
LAMINA DE BISTURI N.23 UN,STERILANCE,93100,0,0,0,93100,0.22,0.31,0.21,25/04/2025,YAGO,4,2025
ALMOTOLIA NATURAL BICO RETO 250ML UND,BIOMEDICAL,887,0,0,0,887,2.18,3.11,2.49,25/04/2025,YAGO,4,2025
SONDA URETRAL N.12 UN,FOYOMED,1590,230,0,0,1360,0.5,0.71,0.6,25/04/2025,YAGO,4,2025
SONDA URETRAL N.10 UN,FOYOMED,12,0,0,0,12,0.5,0.71,0.59,25/04/2025,YAGO,4,2025
LAMINA DE BISTURI N.15 UN,STERLANCE,39500,0,0,0,39500,0.22,0.31,0.21,25/04/2025,YAGO,4,2025
MASCARA DESC. TRIPLA C/CLIP PC,ABL-EXCELMED,212,10,0,192,10,5.11,7.29,5.3,25/04/2025,NATALIA,4,2025
SONDA FOLEY 2 VIAS N.12 30CC UN,FOYOMED,290,0,0,0,290,2.12,3.02,2.13,25/04/2025,YAGO,4,2025
SCALP 21G UN,SAFER,3800,700,0,0,3100,0.19,0.27,0.19,25/04/2025,YAGO,4,2025
"SERINGA DESC. 01ML C/AG 13X4,5 LUER SLIP UN",SR,10400,0,0,0,10400,0.17,0.24,0.18,25/04/2025,YAGO,4,2025
PLACA TERRA AD REM SKINTACT UN,SKINTACT,3500,0,0,0,3500,5.5,7.86,5.12,28/04/2025,YAGO,4,2025
FITA MICROPORE 50 X 10 C/CARR UN,WILTEX,8510,5100,0,0,3410,3.39,4.85,3.2,28/04/2025,YAGO,4,2025
COLETOR DE URINA SISTEMA ABERTO 2000 ML PC/100 pc,3P MEDICAL,166,0,0,0,166,30.66,43.8,30.0,28/04/2025,YAGO,4,2025
ELETRODO ECG ADULTO PACOTE C/ 50 UNIDADES UN,POLYMED,40550,3000,0,0,37550,0.21,0.31,0.21,28/04/2025,YAGO,4,2025
"AGULHA DESC. 40 X 1,20MM UN",WILTEX,91100,0,0,0,91100,0.06,0.09,0.07,28/04/2025,YAGO,4,2025
CATETER INTRAVENOSO C/DISP SEG 20G. UN,POLYMED,20100,2500,0,0,17600,1.74,2.48,1.7,28/04/2025,YAGO,4,2025
CATETER INTRAVENOSO 20G. UN,POLYMED,8000,0,0,0,8000,0.6,0.86,0.59,28/04/2025,YAGO,4,2025
"ATADURA CREPOM 15CM X 1,2M 13 FIOS UN",ULTRA TEXTIL,264,262,0,0,2,0.63,0.9,0.63,29/04/2025,YAGO,4,2025
GEL P/ULTRASSOM 1KG LT,FORTSAN,8,0,0,0,8,7.25,10.36,5.72,29/04/2025,YAGO,4,2025
CLINDAMICINA 150MG/ML AMP (GEN) AMP,UNIAO QUIMICA,700,0,0,0,700,2.6,3.71,0.0,29/04/2025,YAGO,4,2025
NITROGLICERINA (TRIDIL) 5MG/10ML AMP,CRISTALIA,180,120,0,0,60,39.0,55.71,35.47,29/04/2025,YAGO,4,2025
EXTENSOR CATETER INFUSAO LUER LOCK 20CM UN,OLIMED,15,0,0,0,15,1.38,1.97,1.09,29/04/2025,YAGO,4,2025
SERINGA DESC. 20ML C/AG 25X07LUER LOCK UN,SR,5050,0,0,0,5050,0.44,0.63,0.44,29/04/2025,YAGO,4,2025
CLINDAMICINA 150MG/ML AMP,HIPOLABOR,3300,2900,0,0,400,2.6,3.71,2.6,29/04/2025,YAGO,4,2025
CLOREXIDINA 2% DEGER (CHLORCLEAR 1LT FR,VIC PHARMA,282,279,0,0,3,11.55,16.5,10.56,30/04/2025,TAMIRIS,4,2025
"CLOREXIDINA 0,5% (CHLORCLEAR) ALCOOLICA 1LT FR",VIC PHARMA,1312,1270,0,0,42,8.3,11.86,8.3,30/04/2025,TAMIRIS,4,2025
ALCOOL 70% 1LT (ANTISSEPTICO) UN,VIC PHARMA,2381,2379,0,0,2,4.47,6.39,4.17,30/04/2025,TAMIRIS,4,2025
VIC GLUTARAL CLEAR 5LT UN,VIC PHARMA,6,0,0,0,6,110.8,158.28,0.0,30/04/2025,TAMIRIS,4,2025
ORTOFTALDEIDO OPA HLD 5LT UN,VIC PHARMA,4,0,0,0,4,211.97,302.8,0.0,30/04/2025,TAMIRIS,4,2025
CLOREXIDINA 2% DEGER (CHLORCLEAR DISPENSER 1LT UN,VIC PHARMA,14,0,0,0,14,23.0,32.86,0.0,30/04/2025,TAMIRIS,4,2025
"ACIDO PERACETICO 0,2% (VIC PERACETICO) 1000LT UN",VIC PHARMA,22,0,0,0,22,33.63,48.04,0.0,30/04/2025,TAMIRIS,4,2025
"CLOREXIDINA 0,5% ACOOLICA 100ML (CHLORCLEAR) FR",VIC PHARMA,678,639,0,0,39,1.37,1.96,1.37,30/04/2025,TAMIRIS,4,2025
ESCOVA C/ CLOREXIDINA 2% UN,VIC PHARMA,3110,3000,0,0,110,1.23,1.76,1.23,30/04/2025,TAMIRIS,4,2025
IODOPOVIDONA C/TENSOATIVOS 10% 100ML FR,VIC PHARMA,216,0,0,0,216,4.9,7.0,5.43,30/04/2025,TAMIRIS,4,2025
"COMP. DE GAZE 7,5CMX7,5CM 13F RX C/10UND (HERIKA) UN",AMED S/A,60561,60560,0,0,1,0.72,1.03,0.75,02/05/2025,YAGO,5,2025
FILME P/RAIO-X ANALOGICO HR-U 30X40 CM UN,ALFEMA FORTALEZA,4,0,0,0,4,389.64,556.6,374.52,02/05/2025,NATALIA,5,2025
FILME P/RAIO-X (HR-U) 24CM X 30CM - CX.C/100UND (N) CX,FUJIFILM,1,0,0,0,1,233.78,333.96,242.64,02/05/2025,NATALIA,5,2025
FILME P/RAIO-X (HR-U) 35CM X 35CM - CX.C/100UND (N) CX,FUJIFILM,1,0,0,0,1,397.76,568.2,412.83,02/05/2025,NATALIA,5,2025
"COMPRESSA DE GAZE  LIVIA 13 FIOS 7,5CMX7,5CM  C/10 ENV",AMED S/A,115304,114944,0,0,360,0.4,0.56,0.41,02/05/2025,YAGO,5,2025
FILME P/RAIO-X 18CM X 24CM CX C/100 HR-U UN,FUJIFILM,5,0,0,0,5,140.27,200.37,0.0,02/05/2025,NATALIA,5,2025
OMEPRAZOL 20MG (TEUTOZOL) CX C/ 56,TEUTO,448,0,0,0,448,0.11,0.16,0.0,05/05/2025,TAMIRIS,5,2025
HIDROXIZINA 2MG/ML C/100ML (GEN) FR,PHARLAB,41,40,0,0,1,9.24,13.48,24.3,05/05/2025,TAMIRIS,5,2025
FENOBARBITAL 200MG/2ML (FENOCRIS) (B1) AMP,CRISTALIA,175,25,0,0,150,3.1,4.43,2.84,06/05/2025,TAMIRIS,5,2025
CISATRACURIO 2MG/ML 5ML (CIS). AMP,CRISTALIA,38,0,0,0,38,11.4,16.28,12.89,06/05/2025,TAMIRIS,5,2025
AMINOFILINA 24MG/ML AMP 10ML AMP,FARMACE,400,0,0,200,200,4.19,6.11,4.82,06/05/2025,TAMIRIS,5,2025
CATETER INTRAVENOSO 24G. UN,POLYMED,15000,0,0,0,15000,0.71,1.02,0.68,09/05/2025,YAGO,5,2025
SOL. GLICOSE 5% 500ML FR,FRESENIUS,208,106,0,0,102,5.89,8.59,6.4,09/05/2025,YAGO,5,2025
SOL. RINGER C/ LACTATO 500ML FR,FRESENIUS,15,0,0,0,15,7.12,10.38,7.2,09/05/2025,YAGO,5,2025
LUVA DE PROCEDIMENTO.(P) C/100 CX,EMBRAST,5,2,0,0,3,19.64,36.43,25.5,09/05/2025,YAGO,5,2025
"BICARBONATO DE SODIO 8,4% 10ML AMP",SAMTEC,1600,1400,0,0,200,0.8,1.17,0.78,09/05/2025,YAGO,5,2025
ETOMIDATO 2MG/ML 10ML UN,CRISTALIA,100,25,0,0,75,13.25,19.32,13.45,09/05/2025,YAGO,5,2025
EQUIPO MACROGOTAS FLEX.C/INJ.LAT. FILT AR LUER LOCK UN,ABL-EXCELMED,200,0,0,0,200,0.89,1.3,0.92,09/05/2025,YAGO,5,2025
"LUVA CIR. ESTERIL 8,0 UN PC",BECARE,50,0,0,0,50,1.33,1.94,1.39,09/05/2025,YAGO,5,2025
LAMINA DE BISTURI N.24 CX,STERILANCE,493,0,0,0,493,22.66,32.37,0.0,09/05/2025,YAGO,5,2025
ESPIRONOLACTONA 100MG C/30 CPR CX,EMS S/A,8,0,0,0,8,35.06,50.08,0.0,09/05/2025,YAGO,5,2025
TESTE BOWIE DICK PCT PRONTO CX,CLEAN UP,70,0,0,0,70,12.0,17.14,12.0,09/05/2025,INFARMA,5,2025
CATETER INTRAVENOSO C/DISP SEG 24G. UN,POLYMED,14175,9000,0,0,5175,1.85,2.64,1.8,09/05/2025,YAGO,5,2025
LAMINA P/LARINGOSCOPIO CURVA F2 UN,WELDONN,3,0,0,0,3,67.16,95.93,60.92,09/05/2025,YAGO,5,2025
CATETER INTRAVENOSO 22G. UN,POLYMED,9600,100,0,0,9500,0.61,0.87,0.58,09/05/2025,YAGO,5,2025
SERINGA DESC. 20ML S/AG LUER LOCK UN,SR,40080,37000,0,0,3080,0.34,0.49,0.33,09/05/2025,YAGO,5,2025
ANLODIPINO 10MG C/30CP cx,MULTILAB,20,0,0,0,20,3.94,5.75,0.0,12/05/2025,YAGO,5,2025
CAPTOPRIL 25MG CPR CX C/30,MULTILAB,111,0,0,0,111,1.92,2.8,0.0,12/05/2025,YAGO,5,2025
METRONIDAZOL 5MG/ML INJ 100ML UN,B. BRAUN S.A,500,0,0,0,500,4.8,7.0,0.0,13/05/2025,YAGO,5,2025
APRESOLINA (HIDRALAZINA) 25MG C/20 CX,UNIAO QUIMICA,14,0,0,0,14,8.39,11.99,8.37,13/05/2025,YAGO,5,2025
DIPIRONA SOD. 500MG CPR (GEN) CPR,GREENPHARMA,200,0,0,0,200,0.17,0.28,0.46,13/05/2025,YAGO,5,2025
"CARVEDILOL 6,25MG C/30 CPR CX",BIOLAB,174,0,0,0,174,2.97,4.24,3.6,13/05/2025,YAGO,5,2025
MEROPENEM 1G INJ IV (GEN) FR,BLAU,375,175,0,0,200,19.9,29.02,17.9,13/05/2025,YAGO,5,2025
SIMETICONA 75MG/ML GTS 10ML GEN (G) UN,ACHE,1000,0,0,0,1000,2.06,2.94,1.78,13/05/2025,YAGO,5,2025
BUPIVACAINA + GLICOSE GEN X 4ML AMP,HIPOLABOR,200,0,0,100,100,3.0,4.37,3.25,13/05/2025,YAGO,5,2025
METRONIDAZOL 5MG/ML INJ 100ML BOL,ISOFARMA,520,300,0,0,220,4.8,7.0,4.5,13/05/2025,YAGO,5,2025
"HEPARINA 5000UI/0,25ML (PARINEX) AMP",HIPOLABOR,3731,0,0,0,3731,5.5,8.02,5.0,13/05/2025,YAGO,5,2025
ALCOOL 70% 1LT LT,ITAJA,90,0,0,0,90,8.2,8.2,7.06,13/05/2025,YAGO,5,2025
DICLOFENACO DE SODIO 25MG/ML (DICLOFARMA) - 3ML AMP,FARMACE,1700,1500,0,0,200,0.92,0.92,0.92,13/05/2025,YAGO,5,2025
CEFTRIAXONA 1G. AMP,BLAU,60,0,0,0,60,4.75,6.79,4.5,14/05/2025,YAGO,5,2025
PROMETAZINA 25MG/ML 2ML (PROMETAZOL) AMP,HIPOLABOR,500,300,0,0,200,4.2,6.0,4.2,14/05/2025,YAGO,5,2025
LUVA DE PROCEDIMENTO.(M) C/100 CX,MEDIX,160,140,0,0,20,23.99,34.98,19.95,14/05/2025,YAGO,5,2025
ALCOOL SWAB UN,MEDIX,2900,2000,0,0,900,0.04,0.06,2.6,14/05/2025,YAGO,5,2025
FIXADOR P/ CANULA TRAQUEOSTOMIA ADULTO UN,FRADEL-MED,120,0,0,0,120,12.0,17.14,0.0,14/05/2025,YAGO,5,2025
EQUIPO MACROGOTAS FLEX.C/INJ.LAT.LUER SLIP UN,PROHOSPITAL,14750,14500,0,0,250,0.88,1.25,0.0,14/05/2025,YAGO,5,2025
DEXMEDETOMIDINA 100 MCG/ML 2ML AMP CX C/5,KALCEX,680,400,0,0,280,6.0,8.75,6.0,14/05/2025,YAGO,5,2025
BUTIL ESCOPOLAMINA GTS 20ML (BUSCOPAN) FR,COSMED,88,0,0,0,88,25.86,36.94,19.51,14/05/2025,YAGO,5,2025
SUPOSIT. GLICERINA ADULTO CX C/12,GRANADO,15,0,0,0,15,23.04,32.91,0.0,14/05/2025,YAGO,5,2025
OMEPRAZOL (OMENAX) 20MG CX,GEOLAB,60,0,0,0,60,5.21,7.44,4.9,15/05/2025,YAGO,5,2025
METOCLOPRAMIDA 4MG/ML GTS 10ML FR,TEUTO,40,0,0,0,40,2.7,3.94,0.0,15/05/2025,YAGO,5,2025
OMEPRAZOL 20MG (GEN) CPR C/56 CPS CX,NOVA QUIMICA,29,0,0,0,29,5.22,7.61,0.0,15/05/2025,YAGO,5,2025
PREDNISOLONA 3MG/ML 120ML (GEN) FR,VITAMEDIC,10,0,0,0,10,13.65,19.9,0.0,15/05/2025,YAGO,5,2025
LORATADINA 10MG CPR (LORASIV) CX C/12 CPR,VITAMEDIC,1081,13,0,0,1068,1.58,2.26,0.15,15/05/2025,YAGO,5,2025
METOCLOPRAMIDA GTS C/10ML FR,AIRELA,75,40,0,0,35,1.86,2.65,1.9,15/05/2025,YAGO,5,2025
HIDROCORTISONA 500MG (ARISCORTEN) FR,BLAU,232,200,0,0,32,5.99,8.56,6.05,15/05/2025,YAGO,5,2025
IBUPROFENO GTS 50MG/30ML (IBUPROTRAT) GEN FR,NATULAB LABORATORIO SA,456,410,0,0,46,3.82,5.57,23.46,15/05/2025,YAGO,5,2025
PARACETAMOL 500MG CPR (PARAMOL) CPR,BELFAR LTDA,1400,1150,0,0,250,0.17,0.25,0.14,15/05/2025,YAGO,5,2025
LOSARTANA POT. 50MG CPR GEN CPR,TEUTO,2040,1800,0,0,240,0.05,0.07,0.25,15/05/2025,YAGO,5,2025
TOUCA DESC. C/ELASTICO PC,DESCARPACK,80,78,0,0,2,7.0,7.0,7.0,16/05/2025,YAGO,5,2025
"LENCOL DESC.C/ELASTICO 2,00M X 0,90CM PCT",LUKTEX HOSPITALAR,1300,550,0,0,750,1.69,2.41,1.75,16/05/2025,NATALIA,5,2025
NIFEDIPINO 10MG CPR C/30 CX,NEO QUIMICA,1,0,0,0,1,2.85,4.07,0.1,16/05/2025,YAGO,5,2025
SALBUTAMOL AEROSSOL 200 DOSES (AERODINI) UN,TEUTO,450,360,0,0,90,15.02,21.45,15.35,16/05/2025,YAGO,5,2025
CLONIDINA 100MG (ATENSINA) C/30CPR CX,MAWDSLEYS,111,103,0,0,8,8.61,12.31,8.5,16/05/2025,YAGO,5,2025
AGUA DESTILADA 5LT GAL,FORTSAN,6,3,0,0,3,14.0,18.56,14.0,16/05/2025,YAGO,5,2025
IODOPOVIDONA SOL AQUOSA 1 L LT,VIC PHARMA,45,4,0,0,41,53.0,64.28,53.0,16/05/2025,YAGO,5,2025
"DEXAMETASONA 4MG/ML 2,5ML AMP CX C/50",HYPOFARMA,200,0,0,0,200,1.45,2.07,0.93,19/05/2025,TAMIRIS,5,2025
SOL. GLICOSE 25% 10ML AMP CX C/200,FARMACE,1000,0,0,0,1000,0.72,1.03,0.0,19/05/2025,TAMIRIS,5,2025
PROPOFOL 10MG/20ML (PROPOTIL) AMP CX C/5,MIDFARMA,1535,0,0,0,1535,7.4,10.57,8.56,19/05/2025,TAMIRIS,5,2025
PROMETAZINA 25MG/ML 2ML (PARMEGAN) AMP,CRISTALIA,500,200,0,0,300,5.8,8.29,4.2,19/05/2025,TAMIRIS,5,2025
"SOL. CLORETO SODIO 0,9% 10ML UN",FARMACE,5000,0,0,0,5000,0.28,0.4,0.38,20/05/2025,YAGO,5,2025
BROMOPRIDA 5MG/ML 2ML. AMP,HIPOLABOR,2700,2500,0,0,200,1.54,2.2,1.62,20/05/2025,YAGO,5,2025
SOL. CLORETO POTASSIO 10% 10ML AMP,HALEX ISTAR,400,0,0,0,400,0.6,0.86,0.6,20/05/2025,YAGO,5,2025
BENZILPENICILINA BENZATINA 600.000UI (BEPEBEN) F/A INJ  UN UN,TEUTO,200,100,0,50,50,9.9,14.14,8.97,20/05/2025,YAGO,5,2025
SONDA FOLEY 2 VIAS N.14 30CC UN,MEDIX,385,75,0,0,310,1.98,2.82,2.63,20/05/2025,YAGO,5,2025
COLETOR PERFURO CORTANTE 20 LTS UN,DESCARBOX,16,0,0,0,16,7.8,11.15,5.89,20/05/2025,YAGO,5,2025
"AGULHA DESC. 13 X 0,45MM UN",SOLIDOR,6600,0,0,0,6600,0.06,0.08,0.03,20/05/2025,YAGO,5,2025
CETOPROFENO 50MG/ML 2ML AMP,HIPOLABOR,3200,3000,0,0,200,1.65,2.41,1.15,20/05/2025,YAGO,5,2025
"ENOXAPARINA SODICA 40MG/0,4ML (NOXX) UN",BLAU,180,170,0,0,10,15.85,23.11,15.95,20/05/2025,YAGO,5,2025
LIDOCAINA 2% GEL 30G (LABCAINA) BG,PHARLAB,565,20,0,0,545,4.73,6.9,5.75,20/05/2025,YAGO,5,2025
SOL. GLICO-FISIOLOGICO 1:1 500ML FR,FRESENIUS,30,0,0,0,30,6.15,8.79,5.83,20/05/2025,YAGO,5,2025
MASCARA DE PROTECAO PFF2 KN95 UN,MEDIX,1170,0,0,0,1170,0.47,0.67,0.83,20/05/2025,YAGO,5,2025
SCALP 23G UN,SOLIDOR,2000,0,0,0,2000,0.15,0.22,0.16,20/05/2025,YAGO,5,2025
SERINGA DESC. 20ML S/AG LUER SLIP UN,PROCARE,12900,0,0,0,12900,0.31,0.44,0.3,20/05/2025,YAGO,5,2025
MIDAZOLAM 5MG/10ML (GEN) B1 AMP,HIPOLABOR,800,450,0,0,350,3.65,5.21,3.35,20/05/2025,YAGO,5,2025
CEFEPIMA 2G. FR,BIOCHIMICO,100,0,0,0,100,16.85,24.07,16.85,20/05/2025,YAGO,5,2025
SERINGA DESC. 03ML S/AG LUER LOCK UN,SR,16355,0,0,0,16355,0.13,0.19,0.13,20/05/2025,YAGO,5,2025
SOL. GLICERINA 12% 500ML FR,EQUIPLEX,64,0,0,12,52,11.5,16.43,7.7,20/05/2025,YAGO,5,2025
FIO NYLON 3-0 C/AG 1/2 CIRC.TRIANG.45CM CX,PROCARE,8,0,0,0,8,34.8,50.75,3.0,20/05/2025,YAGO,5,2025
SOL. CLORETO SODIO 20% 10ML AMP,HALEX ISTAR,400,0,0,0,400,0.78,1.11,0.78,20/05/2025,YAGO,5,2025
SERINGA DESC. 05ML S/AG LUER LOCK UN,SR,17006,10000,0,0,7006,0.17,0.24,0.16,20/05/2025,YAGO,5,2025
PREDNISOLONA 3MG/ML 100ML GEN (G) FR,HIPOLABOR,93,0,0,0,93,7.0,10.0,6.9,20/05/2025,YAGO,5,2025
"ETIQUETAS VERDE ADES EM BOPP FOSCO, ( RL C/264) RL",MM ROTULOS E ETIQUETAS,74448,0,0,0,74448,0.21,0.3,0.21,20/05/2025,YAGO,5,2025
FIO NYLON 3-0 C/AG 3/8 TRG. 2 ENV ENV,TECHNOFIO,288,0,0,0,288,1.44,2.05,2.0,20/05/2025,YAGO,5,2025
"AGULHA DESC. C/ DISP. SEG. 40 X 1,20MM CX",ABL-EXCELMED,5,0,0,0,5,31.6,45.14,31.6,20/05/2025,YAGO,5,2025
"ATADURA CREPOM 15CM X 1,2M 09 FIOS UN",TEXCARE,83,0,0,0,83,0.32,0.45,0.65,20/05/2025,YAGO,5,2025
SERINGA DESC. 03ML C/AG 25X07 LUER LOCK UN,SR,10397,4000,0,0,6397,0.15,0.22,0.16,20/05/2025,YAGO,5,2025
INFUSOR 2 VIAS C/CLAMP UN,WILTEX,1016,616,0,0,400,0.86,1.22,0.9,20/05/2025,YAGO,5,2025
PINCA CHERRON N/ESTERIL DESC. UN,KOLPLAST,264,0,0,0,264,1.46,2.08,1.79,20/05/2025,YAGO,5,2025
"CLOREXIDINA 0,2% AQUOSA 100ML ALMOTOLIA FR",RIO QUIMICA,12,0,0,0,12,1.93,2.75,1.87,20/05/2025,YAGO,5,2025
AVENTAL DESC. MANGA LONGA ABERTO COLOR GMA-50 UN PC C/10,LUKTEX HOSPITALAR,310,0,0,0,310,1.43,2.04,0.0,20/05/2025,YAGO,5,2025
CATETER INTRAVENOSO 16G UN,DESCARPACK,1100,0,0,0,1100,0.62,0.88,0.0,20/05/2025,YAGO,5,2025
DISPOSITIVO P/ TRANSFERENCIA DE FLUIDOS P/ DUPLA UN,DESCARPACK,250,0,0,0,250,0.27,0.39,0.0,20/05/2025,YAGO,5,2025
"LENCOL DESC.C/ELASTICO 2,00M X 0,90CM PC",BE LIFE LTDA,480,0,0,0,480,1.0,1.43,0.0,20/05/2025,YAGO,5,2025
SULFADIAZINA DE PRATA POTE 400 GR UN,NATIVITA,6,0,0,0,6,42.0,60.0,38.4,20/05/2025,YAGO,5,2025
SONDA FOLEY 2 VIAS N.18 30CC UN,DESCARPACK,188,40,0,0,148,1.83,2.62,0.0,20/05/2025,YAGO,5,2025
BENZILPENIC. BENZ. (BEPEBEN) C/DIL 1.200.000UI F/A INJ FRS,TEUTO,533,500,0,0,33,8.98,12.83,8.96,20/05/2025,YAGO,5,2025
TORNEIRA DE 3 VIAS C/LUER SLIP UN,DESCARPACK,150,0,0,0,150,0.56,0.8,0.54,20/05/2025,YAGO,5,2025
SCALP 27G UN,SAFER,3200,0,0,0,3200,0.15,0.22,0.17,20/05/2025,YAGO,5,2025
CEFEPIMA 1G. FA,EUGIA PHARMA,100,0,0,0,100,10.3,14.71,9.7,20/05/2025,YAGO,5,2025
ESPECULO VAG DESC. MEDIO ESTERIL UN,KOLPLAST,243,0,0,0,243,1.22,1.75,0.99,20/05/2025,YAGO,5,2025
LIDOCAINA 10% SPRAY 50ML FR,HIPOLABOR,20,6,0,0,14,66.5,95.0,58.9,21/05/2025,YAGO,5,2025
MIDAZOLAM 5MG/10ML (GEN) B1 AMP,TEUTO,200,0,0,0,200,4.2,6.0,3.75,21/05/2025,YAGO,5,2025
